ID,制度のタイトル,お問い合わせ先,対象地域,概要,詳細情報URL
148,"施設・設備の復旧・整備に対する補助・融資","県の中小企業担当課等","岩手県//宮城県//福島県","被災された中小企業等のグループ、事業協同組合などの施設の復旧・整備、修繕に対し、補助による支援を実施します。",http://www.r-assistance.go.jp/contentdetail_k.aspx?ContentID=148
86,"被災者生活再建支援制度","都道府県、市町村","岩手県//宮城県//福島県","●災害により住宅が全壊するなど、生活基盤に著しい被害を受けた世帯に対して支援金を支給します。",http://www.r-assistance.go.jp/contentdetail_k.aspx?ContentID=86
390,"がんばろう福島県の企業！産業復旧・復興事業","商工労働部","福島県","東日本大震災及び原子力発電所事故による被災者や求職者の雇用の場を確保するとともに、成長産業分野や新規創業、企業再開を目指す企業等における人材確保・育成を支援するための事業を実施しています。",http://www.r-assistance.go.jp/contentdetail_k.aspx?ContentID=390
210,"復興支援・住宅エコポイント","住宅エコポイント事務局","","エコ住宅の新築またはエコリフォームを行った場合に、被災地の商品やエコ商品などに交換可能なポイントが発行されます。",http://www.r-assistance.go.jp/contentdetail_k.aspx?ContentID=210
174,"地方税の特別措置","都道府県、市町村(税務課など)","岩手県//宮城県//福島県","●地方税の減免
災害により被害を受けた場合、被災納税者の地方税 (個人住民税、固定資産税、自動車税など)について、一部軽減又は免除を受けることができます。
●徴収の猶予
災害により被害を受けた場合、被災納税者の地方税について、その徴収の猶予を受けることができます。
●期限の延長
災害により申告・納付等を期限までにできない方は、その期限が延長されます。これには、都道府県・市町村が条例で一律に期限を延長している場合と都道府県・市町村への申請により延長が認められる場合があります。一律に期限を延長している場合には手続きは必要ありません。詳しくは、お住まいの都道府県・市町村にお問い合わせください。",http://www.r-assistance.go.jp/contentdetail_k.aspx?ContentID=174
78,"災害援護資金","市町村","岩手県//宮城県//福島県","●災害により負傷又は住宅、家財の損害を受けた方に対して、災害弔慰金の支給等に関する法律に基づき、生活の再建に必要な資金を貸し付けます。",http://www.r-assistance.go.jp/contentdetail_k.aspx?ContentID=78
209,"フラット３５Ｓの金利引下げ幅の拡大","フラット３５Ｓ取扱いの金融機関または独立行政法人住宅金融支援機構ＴＥＬ：０１２０−０８６−３５３","","省エネルギー性が優れた住宅を取得する場合のフラット３５Ｓの金利引下げ幅を拡大します",http://www.r-assistance.go.jp/contentdetail_k.aspx?ContentID=209
134,"放送受信料の免除","日本放送協会","青森県//岩手県//宮城県//福島県//茨城県//栃木県//千葉県//新潟県//長野県","●災害により被害を受けた受信契約者に対して、一定期間ＮＨＫの放送受信料が免除されます。",http://www.r-assistance.go.jp/contentdetail_k.aspx?ContentID=134
79,"災害復興住宅融資（建設）","お取り扱いの金融機関または独立行政法人住宅金融支援機構ＴＥＬ：０１２０−０８６−３５３","","●自然現象により生じた災害又は自然現象以外の原因による災害のうち独立行政法人住宅金融支援機構が個別に指定する災害により被害を受けた住宅の所有者が、住宅を建設する場合に受けられる融資です。",http://www.r-assistance.go.jp/contentdetail_k.aspx?ContentID=79
82,"住宅金融支援機構融資の返済方法の変更","お取り扱いの金融機関または独立行政法人住宅金融支援機構ＴＥＬ：０１２０−０８６−３５３","","●独立行政法人住宅金融支援機構が指定する災害により被害を受けたご返済中の被災者（旧住宅金融公庫から融資を受けてご返済中の被災者を含む。）に対して、返済方法を変更することにより被災者を支援するものです。",http://www.r-assistance.go.jp/contentdetail_k.aspx?ContentID=82
123,"施設の復旧など","都道府県衛生主管部局の各施設担当窓口","岩手県//宮城県//福島県","医療サービス等の復旧・支援を進めています。",http://www.r-assistance.go.jp/contentdetail_k.aspx?ContentID=123
351,"中小企業等復旧・復興支援制度","最寄りの各地方振興局（地域づくり・商工労政課）","福島県","東日本大震災・福島第一原子力発電所事故により被害を受けた中小企業等の皆様に、事業再開に必要となる経費の一部を補助する制度を創設しました。",http://www.r-assistance.go.jp/contentdetail_k.aspx?ContentID=351
96,"り災証明書","市町村","岩手県//宮城県//福島県","り災証明書は、地方自治法第２条に定める自治事務として、市町村が被災状況の現地調査等を行い、確認した事実に基づき発行する証明書であり、各種の被災者支援制度の適用を受けるにあたって必要とされる家屋の被害程度について証明するものです。",http://www.r-assistance.go.jp/contentdetail_k.aspx?ContentID=96
220,"被災者の健康支援","被災県の基金事業実施先","岩手県//宮城県//福島県","被災者の方々の心とからだの健康支援を行います",http://www.r-assistance.go.jp/contentdetail_k.aspx?ContentID=220
33,"義援金","各市町村福祉担当課等","宮城県","義援金については，市町村を通じて，被災した方へ支給しております。",http://www.r-assistance.go.jp/contentdetail_k.aspx?ContentID=33
142,"東日本大震災復興特別貸付","日本政策金融公庫、商工組合中央金庫","岩手県//宮城県//福島県","震災により直接又は間接被害を受けた中小企業者の皆さんなどを対象に、事業の復旧に必要な設備資金、運転資金を長期・低利で融資する新たな制度です。",http://www.r-assistance.go.jp/contentdetail_k.aspx?ContentID=142
235,"被災した中小企業の事業継続・再開を支援します　中小企業の新商品開発・販路開拓などを支援します
＜農商工連携等の活用による被災地等復興促進支援事業＞","中小企業庁","岩手県//宮城県//福島県","●東日本大震災により被災した中小企業の振興に向け、以下の取り組みによる新商品開発や販路開拓を全額補助により支援します。",http://www.r-assistance.go.jp/contentdetail_k.aspx?ContentID=235
229,"震災復興技術イノベーション創出実証研究事業","経済産業局","岩手県//宮城県//福島県","被災地域の復興に役立つ産学連携による実証研究を補助します。",http://www.r-assistance.go.jp/contentdetail_k.aspx?ContentID=229
175,"国税の特別措置","税務署","岩手県//宮城県//福島県","●申告などの期限の延長 
災害などの理由により申告、納付などをその期限までにできないときは、その理由のやんだ日から２か月以内の範囲でその期限が延長されます。これには、個別指定による場合と地域指定による場合とがあります。 
●所得税の軽減
災害により住宅や家財などに損害を受けた場合、確定申告で、１．所得税法に定める雑損控除の方法、２．災害減免法に定める税金の軽減免除による方法のどちらか有利な方法を選ぶことによって、所得税の全部又は一部を軽減することができます。 
●予定納税の減額 
災害が発生した後に納期限の到来する予定納税について、税務署長に申請をすることにより、減額を受けることができます。 
●給与所得者の源泉所得税の徴収猶予など 
災害により住宅や家財などに損害を受けた場合、給与所得者が税務署長に申請（一定のものについてはその支払者を経由して税務署長に申請）をすることにより所得金額の見積額に応じて源泉所得税額の徴収猶予や還付を受けることができます。 
●納税の猶予 
災害により被害を受けた場合、税務署長に申請をすることにより、納税の猶予を受けることができます。",http://www.r-assistance.go.jp/contentdetail_k.aspx?ContentID=175
80,"災害復興住宅融資（新築購入、リ・ユース購入）","お取り扱いの金融機関または独立行政法人住宅金融支援機構ＴＥＬ：０１２０−０８６−３５３","","●自然現象により生じた災害又は自然現象以外の原因による災害のうち独立行政法人住宅金融支援機構が個別に指定する災害により被害を受けた住宅の所有者が、新築住宅、リ・ユース住宅を購入する場合に受けられる融資です。",http://www.r-assistance.go.jp/contentdetail_k.aspx?ContentID=80
384,"地域づくり総合支援事業（サポート事業）","地方振興局地域づくり・商工労政課等","福島県","民間団体や市町村等が行う広域的・先駆的・モデル的な事業でかつ国、県等の既定施策の中で措置することが困難な事業に対して補助金を交付します。",http://www.r-assistance.go.jp/contentdetail_k.aspx?ContentID=384
133,"公共料金・使用料等の特別措置","都道府県、市町村、関係事業者","岩手県//宮城県//福島県","●災害により被害を受けた被災者に対しては、都道府県や市町村において、各自治体が所管する公共料金や施設使用料、保育料等が軽減・免除されることがあります。",http://www.r-assistance.go.jp/contentdetail_k.aspx?ContentID=133
21,"生活再建住宅支援事業補助","県庁建築住宅課　","岩手県","大震災津波で被災した住宅に対し、その利息額を補助します。",http://www.r-assistance.go.jp/contentdetail_k.aspx?ContentID=21
385,"地域づくり総合支援事業（地域協働モデル支援事業）","文化スポーツ局文化振興課","福島県","地域課題（震災対応等を含む。）の解決のため、行政と地域活動団体（自治会、町内会、NPO等）が協働して実施する先駆的なモデル事業に対して補助金を交付します。",http://www.r-assistance.go.jp/contentdetail_k.aspx?ContentID=385
81,"災害復興住宅融資（補修）","お取り扱いの金融機関または独立行政法人住宅金融支援機構ＴＥＬ：０１２０−０８６−３５３","","●自然現象により生じた災害又は自然現象以外の原因による災害のうち独立行政法人住宅金融支援機構が個別に指定する災害により被害を受けた住宅の所有者が、住宅を補修する場合に受けられる融資です。",http://www.r-assistance.go.jp/contentdetail_k.aspx?ContentID=81
233,"被災中小企業復興支援リース補助事業","経済産業省商務流通グループ商取引・消費経済政策課消費経済企画室","岩手県//宮城県//福島県","被災した中小企業が、設備を再度リースにより導入する際の費用を補助します",http://www.r-assistance.go.jp/contentdetail_k.aspx?ContentID=233
85,"住宅の応急修理","都道府県、市町村","岩手県//宮城県//福島県","●災害救助法に基づく住宅の応急修理は災害により住宅が半壊し、自ら修理する資力のない世帯に対して、被災した住宅の居室、台所、トイレ等日常生活に必要な最小限度の部分を応急的に修理します。",http://www.r-assistance.go.jp/contentdetail_k.aspx?ContentID=85
251,"震災復興林業人材育成対策事業","林野庁経営課林業労働対策室","岩手県//宮城県//福島県","林業分野での就業を支援します。",http://www.r-assistance.go.jp/contentdetail_k.aspx?ContentID=251
94,"災害復興宅地融資","お取り扱いの金融機関または独立行政法人住宅金融支援機構ＴＥＬ：０１２０−０８６−３５３","","●東日本大震災により、住宅に被害がなく、宅地にのみ被害を受けた宅地の所有者が、その宅地を補修する場合に受けられる融資です。（災害復興住宅融資との併用はできません。）",http://www.r-assistance.go.jp/contentdetail_k.aspx?ContentID=94
401,"入退去管理支援","土木部建築住宅課","福島県","避難者のための住宅対策として行っている借上げ住宅について、入居されている被災者の入居期間延長のための更新契約、解約、一部新規入居等の円滑な事務手続きを行うものです。",http://www.r-assistance.go.jp/contentdetail_k.aspx?ContentID=401
89,"宅地防災工事資金融資","お取り扱いの金融機関または独立行政法人住宅金融支援機構ＴＥＬ：０１２０−０８６−３５３","","改善勧告又は改善命令を受けた方に対して、のり面の保護、排水施設の設置、整地、擁壁の設置（旧擁壁の除去を含みます。）の工事のための費用を融資します。",http://www.r-assistance.go.jp/contentdetail_k.aspx?ContentID=89
120,"医療保険、介護保険の保険料・窓口負担（利用者負担）の減免・猶予等","各医療保険者、市町村、医療機関、日本年金機構年金事務所","岩手県//宮城県//福島県","●医療保険、介護保険の保険料・窓口負担（利用者負担）について、特例措置が講じられます。",http://www.r-assistance.go.jp/contentdetail_k.aspx?ContentID=120
236,"中小企業の地域産品販路開拓等支援事業","中小企業庁","岩手県//宮城県//福島県","中小企業の販路開拓等を支援します。",http://www.r-assistance.go.jp/contentdetail_k.aspx?ContentID=236
97,"災害弔慰金","市町村","岩手県//宮城県//福島県","●災害により死亡された方のご遺族に対して、災害弔慰金の支給等に関する法律に基づき、災害弔慰金を支給します。",http://www.r-assistance.go.jp/contentdetail_k.aspx?ContentID=97
274,"法人および個人事業主の方に関する主な損害項目における賠償基準の概要
【いわゆる間接被害について】
〈営業損害〉","福島原子力補償相談室（コールセンター）","岩手県//宮城県//福島県","賠償基準：間接被害による減収分（逸失利益） ＋ 追加的費用",http://www.r-assistance.go.jp/contentdetail_k.aspx?ContentID=274
349,"ふくしま復興特別資金","県庁経営金融課","福島県","東日本大震災の影響を受けた中小企業の皆さまを支援するため、新たな融資制度を創設しています。",http://www.r-assistance.go.jp/contentdetail_k.aspx?ContentID=349
179,"被災者雇用開発助成金の支給","公共職業安定所又は都道府県労働局","岩手県//宮城県//福島県","●東日本大震災による被災離職者及び被災地域に居住する求職者の方を、ハローワーク等の紹介により、継続して１年以上雇用することが見込まれる労働者として雇い入れる事業主に対して、助成金を支給します。（雇用保険の一般被保険者として雇い入れる場合に限ります）",http://www.r-assistance.go.jp/contentdetail_k.aspx?ContentID=179
130,"子どもをはじめ、みなさまの健康の確保のために　福島県民のみなさまの健康確保のための基金を創設しました","福島県保健福祉部健康増進課","福島県","国からの交付金をもとに福島県が基金を創設し、福島県が県民の健康確保のためにさまざまな取り組みを行います。",http://www.r-assistance.go.jp/contentdetail_k.aspx?ContentID=130
202,"生活復興支援資金貸付","各都道府県・市町村の社会福祉協議会","岩手県//宮城県//福島県","被災された方の生活の復興を支援します",http://www.r-assistance.go.jp/contentdetail_k.aspx?ContentID=202
234,"被災した中小企業の事業継続・再開を支援します　新卒者などの中小企業での職場実習を通じて中小企業の人材確保を支援します","中小企業庁経営支援部経営支援課","岩手県//宮城県//福島県","新卒者や卒業後３年以内の未就職者の方々に、被災地域などの中小企業の事業現場などで原則６か月間の職場実習（いわゆるインターンシップ）を行っていただくことで、社会人としての基礎知識や中小企業で必要とされる技術・知識・ノウハウの習得を支援します。",http://www.r-assistance.go.jp/contentdetail_k.aspx?ContentID=234
245,"農山漁村被災者受入円滑化支援事業","農林水産省農村振興局中山間地域振興課","岩手県//宮城県//福島県","他の地域への移転を希望される場合、受入れ地域とのマッチングを支援します。",http://www.r-assistance.go.jp/contentdetail_k.aspx?ContentID=245
95,"登記事項証明書等の交付手数料の特別措置","法務局","岩手県//宮城県//福島県","●登記事項証明書等の交付手数料を免除します。",http://www.r-assistance.go.jp/contentdetail_k.aspx?ContentID=95
201,"自宅が被災した方への融資や修理などの支援策があります　既存の住宅ローンについて","金融機関の電話相談窓口、個人版私的整理ガイドライン運営委員会","岩手県//宮城県//福島県","●金融庁は、金融機関に対して、被災者からの貸付条件の変更などの申し込みに対し、積極的に対応するように要請しています。既存の住宅ローンのご相談については、まずはお取引金融機関にお問い合わせください。金融機関の相談窓口一覧は、金融庁ホームページおよび携帯サイトに掲載しております。",http://www.r-assistance.go.jp/contentdetail_k.aspx?ContentID=201
147,"中小機構による仮設店舗、仮設工場の整備","中小企業基盤整備機構の最寄りの窓口（中小企業復興支援センター、関東支部、震災緊急復興事業推進部）","岩手県//宮城県//福島県","●中小企業基盤整備機構が、東日本大震災の被災地域において、事業活動を再開する複数の中小企業者に入居いただける仮設施設（店舗・工場・事務所）を整備し、市町村に一括して貸与します。市町村が入居者及び入居条件を決定して、原則無料で中小企業者に貸し出します。",http://www.r-assistance.go.jp/contentdetail_k.aspx?ContentID=147
309,"特定地域中小企業特別資金（県内へ移転し事業再開・継続する方）","公益財団法人福島県産業振興センター","福島県","原発事故により県内移転を余儀なくされた中小企業等を対象とした事業継続・再開向け融資制度です。",http://www.r-assistance.go.jp/contentdetail_k.aspx?ContentID=309
400,"共同設備（浄化槽等）の維持管理支援","土木部建築住宅課","福島県","仮設住宅の共同設備である、浄化槽、受水槽の法定点検、清掃、各種検査費用、集会所の消防設備法定点検費用を県で負担するものです。",http://www.r-assistance.go.jp/contentdetail_k.aspx?ContentID=400
339,"民間住宅の借上げ（県内）","避難前に居住していた市町村　など","福島県","平成２３年３月１１日以降、避難された方がみずから手続きして入居した県内の民間賃貸住宅で、市町村が一定の要件に合致することを審査し決定したものについては、県との賃貸借契約に切り替え、借上げ住宅として取り扱います。",http://www.r-assistance.go.jp/contentdetail_k.aspx?ContentID=339
150,"天災融資制度","市町村","岩手県//宮城県//福島県","●天災による被害農林漁業者等に対する資金の融通に関する暫定措置法に基づき、政令で指定された天災によって被害を受けた農林漁業者に対して再生産に必要な低利の経営資金を、被害を受けた農協等の組合に対しては事業資金をそれぞれ融資し、経営の安定化を図ります。",http://www.r-assistance.go.jp/contentdetail_k.aspx?ContentID=150
312,"県民健康管理調査","福島県立医科大学 県民健康管理調査事務局","福島県","　福島県では、原子力災害による放射線の影響を踏まえ、将来にわたる県民の皆さまの健康管理を目的とした「県民健康管理調査」を実施しています。",http://www.r-assistance.go.jp/contentdetail_k.aspx?ContentID=312
90,"地すべり等関連住宅融資","お取り扱いの金融機関または独立行政法人住宅金融支援機構ＴＥＬ：０１２０−０８６−３５３","","●地すべりや急傾斜地の崩壊により被害を受けるおそれのある家屋を移転したり、これに代わるべき住宅を建設する場合の資金を融資します。",http://www.r-assistance.go.jp/contentdetail_k.aspx?ContentID=90
350,"震災対策特別資金","県庁経営金融課","福島県","東日本大震災の影響を受けた中小企業の皆さまを支援するため、新たな融資制度を創設しています。",http://www.r-assistance.go.jp/contentdetail_k.aspx?ContentID=350
318,"被災中小企業施設・設備整備支援事業貸付金について","福島県経営金融課 (金融担当)","福島県","東日本大震災により被害を受けた中小企業者等が施設・設備の整備を行う場合に、(公財)福島県産業振興センターを通じて長期・無利子の融資を行います。",http://www.r-assistance.go.jp/contentdetail_k.aspx?ContentID=318
146,"雇用調整助成金の特例措置","公共職業安定所又は都道府県労働局","青森県//岩手県//宮城県//福島県//茨城県//栃木県//千葉県//新潟県//長野県","●東日本大震災に伴う経済上の理由により事業活動の縮小を余儀なくされた事業主が、雇用を維持するために休業等を実施した場合、休業に係る手当等の事業主負担相当額の一部を助成する制度です。",http://www.r-assistance.go.jp/contentdetail_k.aspx?ContentID=146
373,"女性のための相談事業（生活全般、法律関係、健康関係に係る相談）","福島県男女共生センター","福島県","生活全般、法律関係、健康関係に係る相談を受け付けています。",http://www.r-assistance.go.jp/contentdetail_k.aspx?ContentID=373
281,"主な損害項目における補償基準の概要 
【政府による避難等の指示等に係る損害について】
〈避難生活等による精神的損害〉","福島原子力補償相談室（コールセンター）","福島県","賠償基準：避難された方については，平成２３年３月１１日から平成２３年８月３１日までの避難分として１０万円／月あるいは１２万円／月，平成２３年９月１日から平成２３年１１月３０日までの避難分として１０万円／月あるいは１２万円／月",http://www.r-assistance.go.jp/contentdetail_k.aspx?ContentID=281
326,"災害義援金","県庁社会福祉課","福島県","東日本大震災で被災された皆さまへ、市町村から災害義援金が配付されます。",http://www.r-assistance.go.jp/contentdetail_k.aspx?ContentID=326
320,"「ふるさと絆情報ステーション」開設","福島県文化振興課","福島県","県では、民間借上げ住宅等に入居されている皆さまに、最新の市町村情報などを提供するとともに、情報交換や交流の場として御活用いただける「ふるさと絆情報ステーション」を県内の大型スーパーなど１１ヶ所に開設しています。",http://www.r-assistance.go.jp/contentdetail_k.aspx?ContentID=320
513,"り災住宅補修利子補給金","須賀川市建築住宅課　","福島県須賀川市","須賀川市では、 東日本大震災及びその余震により被災した一部損壊住宅（空家、貸家及び給与住宅等を除く。）の補修に係る借入金の利子を補給する助成制度を実施します。",http://www.r-assistance.go.jp/contentdetail_k.aspx?ContentID=513
512,"り災住宅補修経費助成金","須賀川市建築住宅課　","福島県須賀川市","須賀川市では、 東日本大震災及びその余震により被災した一部損壊住宅（空家、貸家及び給与住宅等を除く。）の補修経費を補給する助成制度を実施します。",http://www.r-assistance.go.jp/contentdetail_k.aspx?ContentID=512
87,"公営住宅への入居","都道府県、市町村","岩手県//宮城県//福島県","●低所得の被災者の方は、都道府県又は市町村が整備する公営住宅に入居することができます。",http://www.r-assistance.go.jp/contentdetail_k.aspx?ContentID=87
511,"市災害見舞金","須賀川市災害対策本部（相談窓口）","福島県須賀川市","居住する住宅が、災害により半壊以上の被害を受けた世帯に対し、災害見舞金を支
給し、被災者の自立助長と援護を図るものです。
(1) 金額
区分 一世帯につき
全壊 10万円
半壊(大規模半壊含む。) 5万円
(2) 申請手続き
総合申請窓口で申請してください。",http://www.r-assistance.go.jp/contentdetail_k.aspx?ContentID=511
514,"被災家屋等解体撤去支援事業","須賀川市生活環境部環境課環境衛生係","福島県須賀川市","市では、東日本大震災により被災した家屋、事務所等について、二次被害の防止や生活環境の保全を図るとともに、被災者を支援するため、所有者等からの申請に基づき、解体撤去の費用を市設定基準額の範囲で支援します。なお、既に解体撤去を行った場合についても、同様に支援します。",http://www.r-assistance.go.jp/contentdetail_k.aspx?ContentID=514
98,"災害障害見舞金","市町村","岩手県//宮城県//福島県","●災害による負傷、疾病で精神又は身体に著しい障害が出た場合、災害弔意金の支給等に関する法律に基づき、災害障害見舞金を支給します。",http://www.r-assistance.go.jp/contentdetail_k.aspx?ContentID=98
250,"地域農業の復興に向けた計画づくりと農地集積などの取組を総合的に支援します
＜地域農業経営再開復興支援事業＞","農林水産省経営局経営政策課、農地政策課","岩手県//宮城県//福島県","東日本大震災により被害を受けた地域において、経営再開マスタープランを作成し、プランの実現に向け農地集積等に必要な取組を支援します。",http://www.r-assistance.go.jp/contentdetail_k.aspx?ContentID=250
162,"農業の復旧・復興を支援します　共同利用施設の復旧や生産資材の購入などを支援しています
＜東日本大震災農業生産対策交付金＞","農林水産省生産局総務課　生産推進室","岩手県//宮城県//福島県","共同利用農業用施設（乾燥調製貯蔵施設、集出荷施設、加工施設、家畜排せつ物処理施設、自給飼料保管調整施設、鳥獣被害防止施設など）、農業研修教育施設、乳業施設の復旧に対して支援しています。",http://www.r-assistance.go.jp/contentdetail_k.aspx?ContentID=162
534,"女性のための相談事業（就業、起業、内職等に係る相談）","","福島県","就職や起業を希望する方、内職を求めている方等からの相談",http://www.r-assistance.go.jp/contentdetail_k.aspx?ContentID=534
214,"新卒者等の就職支援（新卒者就職実現プロジェクト事業の被災者特例の延長等による就職機会の拡充）","最寄りのハローワーク","岩手県//宮城県//福島県","既卒者を雇用した場合の奨励金の期間を延長します。",http://www.r-assistance.go.jp/contentdetail_k.aspx?ContentID=214
248,"被災土地改良区復興支援事業","農林水産省農村振興局整備部土地改良企画課","岩手県//宮城県//福島県","被災した土地改良区の機能回復を支援しています。",http://www.r-assistance.go.jp/contentdetail_k.aspx?ContentID=248
31,"被災者相談支援センター","被災者相談支援センター","岩手県","県では、被災者の生活の再建に向けて、被災者からの相談・問い合わせに、一元的かつ柔軟に対応するため、関係機関との緊密な連携のもと、県北・沿岸広域振興局（久慈、宮古、釜石、大船渡）を中心拠点とする「被災者相談支援センター」を開設しました。",http://www.r-assistance.go.jp/contentdetail_k.aspx?ContentID=31
188,"災害復旧と連携した水産基盤復旧復興対策","水産庁計画課","北海道//青森県//岩手県//宮城県//秋田県//福島県//茨城県//千葉県","拠点漁港の機能強化や地盤沈下対策、漁場整備などを、国が支援します。また、漁場施設の被災状況の調査や漁村防災対策の緊急点検などを実施します。",http://www.r-assistance.go.jp/contentdetail_k.aspx?ContentID=188
476,"住民税が減額されます","被災時にお住まいだった市町村","青森県//岩手県//宮城県//福島県//茨城県","大震災により住宅・家財・自家用車などに損害を受けた方は、住民税の減額を受けることができます。",http://www.r-assistance.go.jp/contentdetail_k.aspx?ContentID=476
187,"漁港関係等災害関連事業","水産庁防災漁村課","北海道//青森県//岩手県//宮城県//秋田県//福島県//茨城県//千葉県","復旧に加え、構造物の強化など必要な災害防止対策を県や市町村が行う場合、国が支援しています。",http://www.r-assistance.go.jp/contentdetail_k.aspx?ContentID=187
537,"中小企業振興資金融資制度","大和町産業振興課","宮城県大和町","大和町では、中小企業の皆様の資金繰り支援といたしまして、「大和町中小企業振興資金」融資制度を設けています。",http://www.r-assistance.go.jp/contentdetail_k.aspx?ContentID=537
101,"厚生年金等担保貸付、労災年金担保貸付等","","岩手県//宮城県//福島県","●共済年金、厚生年金、労災年金等を担保に、教育費や居住関係費、事業資金等を融資するものです。",http://www.r-assistance.go.jp/contentdetail_k.aspx?ContentID=101
391,"空き工場等の紹介","商工労働部企業立地課","福島県","事業再開に向けて県内での移転先を探している企業の皆様に、空き工場、倉庫、工業用地等の情報を提供しています。",http://www.r-assistance.go.jp/contentdetail_k.aspx?ContentID=391
509,"高齢者等共同仮設住宅の入居申込（随時募集）","大槌町福祉課　介護班","岩手県大槌町","東日本大震災で被災者した高齢者等が、恒久住宅へ移るまでの間、安心して日常生活を送れるよう支援するため、共同仮設住宅を整備しました。",http://www.r-assistance.go.jp/contentdetail_k.aspx?ContentID=509
169,"ガス・石油に関する事業の復旧を支援しています　給油設備の補修や給油所の安全点検にかかる費用を定額補助しています
＜被災地域石油製品販売業早期復旧等支援事業＞","資源エネルギー庁石油流通課","岩手県//宮城県//福島県","被災地域における揮発油販売事業者に対し、損壊した給油設備の補修や全壊したＳＳの撤去、安全点検にかかる費用を定額補助することで、被災地ＳＳの早期立ち上げを支援しています。",http://www.r-assistance.go.jp/contentdetail_k.aspx?ContentID=169
536,"川崎町住宅災害復旧事業補助金交付事業","川崎町企画財政課","宮城県川崎町","この川崎町住宅災害復旧事業補助金交付事業は、東日本大震災により被災した住宅及び住宅に付随する設備の補修工事を行う場合の緊急的な補助対策として、その経費の一部に対し補助金を交付することにより、町民の方の居住環境の早急な復旧を図ることを目的としています。",http://www.r-assistance.go.jp/contentdetail_k.aspx?ContentID=536
516,"中小企業信用保証料助成費","茨城県商工労働部　産業政策課　金融グループ","茨城県","東日本大震災復興緊急融資を利用した中小企業者の負担軽減を図るため保証料補助することで，県内産業の早期の復旧・復興を促進します。",http://www.r-assistance.go.jp/contentdetail_k.aspx?ContentID=516
520,"中小企業等グループ施設等災害復旧事業","茨城県商工労働部中小企業課","茨城県","被災地域の中小企業者等で構成されたグループが、所定の復興事業計画書を作成し，その内容が地域経済の活性化と雇用の維持に重要な役割を担うと県が認定した場合に，個々の中小企業者等の施設・設備の復旧等に必要な経費の一部を補助する。
 (1)対象者　　認定されたグループで復旧事業を実施する中小企業等
 (2)対象施設　生産施設，加工施設，販売施設等復興に必要な施設･設備
 (3)補助率等　　国１／２，県１／４，事業者１／４",http://www.r-assistance.go.jp/contentdetail_k.aspx?ContentID=520
554,"建物やがれきの撤去
がれき撤去と３色の旗の掲示","がれき撤去に係る電話相談窓口","岩手県釜石市","被災した建物の撤去作業を行う場合、皆さんの意向を確認しますので、相談窓口、避難所または消防団から赤色、黄色、緑色いずれかの旗を受け取り、現地に掲示してください。",http://www.r-assistance.go.jp/contentdetail_k.aspx?ContentID=554
555,"建物やがれきの撤去
消毒薬の配布","健康推進課","岩手県釜石市","消毒薬の配布",http://www.r-assistance.go.jp/contentdetail_k.aspx?ContentID=555
521,"文化財等災害復旧補助金","茨城県教育庁文化課","茨城県","被災文化財等に対して，復旧等に係る経費を支援する。",http://www.r-assistance.go.jp/contentdetail_k.aspx?ContentID=521
517,"東日本大震災復興緊急融資利子補給事業","茨城県商工労働部　産業政策課　金融グループ","茨城県","東日本大震災復興緊急融資を利用した中小企業者の負担軽減を図るため利子補給することで，県内産業の早期の復旧・復興を促進します。",http://www.r-assistance.go.jp/contentdetail_k.aspx?ContentID=517
552,"災害義援金の交付申請","市地域福祉課","岩手県釜石市","平成23年東北地方太平洋沖地震および津波被害に関し、日本赤十字社本社、中央共同募金会、岩手県災害義援金募集委員会、そして釜石市に寄せられた義援金の交付についてご案内します。
義援金の配分にあたっては、平成23年東北太平洋沖地震及び津波義援金配分委員会が、下記内容により配分基準を定めております。",http://www.r-assistance.go.jp/contentdetail_k.aspx?ContentID=552
557,"特定地域中小企業特別資金（解除された地域等で事業再開・継続する方）","公益財団法人福島県産業振興センター","福島県","中小企業等を対象とした、避難区域が解除となった地域等での事業継続・再開向け融資制度です。",http://www.r-assistance.go.jp/contentdetail_k.aspx?ContentID=557
518,"茨城県産業復興機構","茨城県産業復興相談センター","茨城県","被災事業者の二重債務対策としての既往債権を買い取る機構。
●被災県（岩手県、宮城県、福島県など）において、商工会議所などに設置されている中小企業再生支援協議会に総合的な相談窓口（「産業復興相談センター」）を設置、常駐専門家の増員などにより、事業再生の相談体制を抜本的に強化します。
●協議会に相談を行った被災事業者であって、協議会の再生計画策定支援を受けた方を対象に、事業再生の可能性を判断する間の利子負担を軽減するため、利子補給を行います。
●債権の買取などを行う産業復興機構を設立し、金融機関からの新規融資を受けやすくすることにより、被災事業者のみなさまの事業再生を支援します。
＜出典：【政府広報】事業再建ハンドブックVol.4＞",http://www.r-assistance.go.jp/contentdetail_k.aspx?ContentID=518
519,"茨城県産業復興相談センター","茨城県産業復興相談センター","茨城県","被災事業者の二重債務対策としてのワンストップ相談窓口。
●被災県（岩手県、宮城県、福島県など）において、商工会議所などに設置されている中小企業再生支援協議会に総合的な相談窓口（「産業復興相談センター」）を設置、常駐専門家の増員などにより、事業再生の相談体制を抜本的に強化します。
●協議会に相談を行った被災事業者であって、協議会の再生計画策定支援を受けた方を対象に、事業再生の可能性を判断する間の利子負担を軽減するため、利子補給を行います。
●債権の買取などを行う産業復興機構を設立し、金融機関からの新規融資を受けやすくすることにより、被災事業者のみなさまの事業再生を支援します。
＜出典：【政府広報】事業再建ハンドブックVol.4＞",http://www.r-assistance.go.jp/contentdetail_k.aspx?ContentID=519
553,"釜石市災害義援金","市地域福祉課","岩手県釜石市","　釜石市に寄せられた災害義援金は、釜石市災害義援金配分委員会の審議を経て、配分されています。",http://www.r-assistance.go.jp/contentdetail_k.aspx?ContentID=553
556,"雇用・労働
雇用創出に取り組みます","商工労政課","岩手県釜石市","被災者を始めとする求職者に対して、国の支援措置に基づく県の基金事業を導入して短中期の雇用就業機会を創出します。",http://www.r-assistance.go.jp/contentdetail_k.aspx?ContentID=556
397,"被災農家経営再開支援事業","農林事務所","福島県","津波や農業用ため池の決壊等により農作物の栽培が困難となった農業者等が、復興組合（仮称）等を組織して復旧作業を行った場合に、経営再開支援金が支払われます",http://www.r-assistance.go.jp/contentdetail_k.aspx?ContentID=397
487,"警戒区域内にあった家屋・土地に代わるものを取得した場合、固定資産税などが減額されます","警戒区域内にあったものに代わって取得した家屋や土地が所在する都道府県・市町村","青森県//岩手県//宮城県//福島県//茨城県","警戒区域内にあった家屋やその敷地に代わる家屋・土地を平成23年3月11日から警戒区域の解除から一定期間経過する日までの間に取得した場合などには、固定資産税・都市計画税・不動産取得税の軽減措置を受けることができます。",http://www.r-assistance.go.jp/contentdetail_k.aspx?ContentID=487
300,"主な損害項目における補償基準の概要 
【いわゆる風評被害について】
〈観光業の風評被害〉","福島原子力補償相談室（コールセンター）","福島県//茨城県//栃木県//群馬県//千葉県銚子市//千葉県館山市//千葉県旭市//千葉県勝浦市//千葉県鴨川市//千葉県南房総市//千葉県匝瑳市//千葉県山武市//千葉県いすみ市//千葉県大網白里町//千葉県九十九里町//千葉県横芝光町//千葉県一宮町//千葉県長生村//千葉県白子町//千葉県御宿町","賠償基準：東京電力事故による解約・予約控え等に伴う減収分 ＋ 追加的費用",http://www.r-assistance.go.jp/contentdetail_k.aspx?ContentID=300
330,"医療機関を受診する際の一部負担金等の免除について","市町村（国民健康保険、後期高齢者医療制度）","福島県","次の対象となる方に該当する方は、平成２３年７月１日から平成２４年２月末（入院時食事療養費等については平成２３年８月末）まで、医療機関を受診する際に、ご加入の医療保険の保険者が発行する「一部負担金等免除証明書」を提示することで、一部負担金等が免除されます。",http://www.r-assistance.go.jp/contentdetail_k.aspx?ContentID=330
241,"漁業者等の金融支援（拡充）","日本政策金融公庫、沖縄振興開発金融公庫、漁業協同組合、信用漁業協同組合連合会","岩手県//宮城県//福島県","災害復旧・復興関係資金について、実質無利子化・無担保・無保証人化します。",http://www.r-assistance.go.jp/contentdetail_k.aspx?ContentID=241
278,"主な損害項目における補償基準の概要 
【政府による避難等の指示等に係る損害について】
〈避難費用・帰宅費用・一時立入費用〉","福島原子力補償相談室（コールセンター）","福島県","賠償基準：交通費、宿泊費、家財道具の移動費用、除染費用",http://www.r-assistance.go.jp/contentdetail_k.aspx?ContentID=278
508,"介護サービスを利用される被災者のみなさんへ","大槌町福祉課　介護班","岩手県大槌町","東日本大震災後に介護サービスを利用された方で、被災状況においては7月までは利用者負担等を猶予していましたが、8月から介護保険施設、介護事業所等での取扱いが下記のように変わります。",http://www.r-assistance.go.jp/contentdetail_k.aspx?ContentID=508
515,"東日本大震災復興緊急融資","茨城県商工労働部　産業政策課　金融グループ","茨城県","東日本大震災で被害を受け，経営の安定に支障をきたしている県内に事業所を有する中小企業者等を支援するため，「東日本大震災復興緊急融資」を設けています。",http://www.r-assistance.go.jp/contentdetail_k.aspx?ContentID=515
477,"被災した土地や家屋に代わるものを取得するなどの場合固定資産税などが減額されます","被災した家屋や土地の代わりに取得などをした家屋や土地が所在する都道府県・市町村","青森県//岩手県//宮城県//福島県//茨城県","●平成33年3月31日までに、大震災で滅失・損壊した家屋に代わる家屋を取得するなどの場合、被災家屋の床面積相当分は、不動産取得税が課されません。
また、固定資産税は取得または改築後4年間は1／ 2、その後2年間は1／ 3が減額されます。",http://www.r-assistance.go.jp/contentdetail_k.aspx?ContentID=477
269,"法人および個人事業主の方に関する主な損害項目における賠償基準の概要
【いわゆる風評被害について】
〈観光業の風評被害（４県,千葉県の太平洋沿岸地域内）〉","福島原子力補償相談室（コールセンター）","福島県//茨城県//栃木県//群馬県//千葉県銚子市//千葉県館山市//千葉県旭市//千葉県勝浦市//千葉県鴨川市//千葉県南房総市//千葉県匝瑳市//千葉県山武市//千葉県いすみ市//千葉県大網白里町//千葉県九十九里町//千葉県横芝光町//千葉県一宮町//千葉県長生村//千葉県白子町//千葉県御宿町","賠償基準：風評被害による減収分（逸失利益）＋追加的費用",http://www.r-assistance.go.jp/contentdetail_k.aspx?ContentID=269
184,"被災した中小企業の事業継続・再開を支援します　二重債務対策として、相談窓口の強化や震災前の借入れの負担軽減などを行っています
<中小企業再生支援協議会の体制強化・債権買取等を行う機構の設立支援>","中小企業庁","岩手県//宮城県//福島県","債務を抱えたまま被災した小規模事業者も含む、幅広い事業者のみなさまの事業再生を支援するため、以下のような取り組みを行います。",http://www.r-assistance.go.jp/contentdetail_k.aspx?ContentID=184
149,"被災した中小企業の事業継続・再開を支援します　中小企業の再チャレンジを低利・長期の融資で支援します
＜再チャレンジ支援融資＞","日本政策金融公庫","岩手県//宮城県//福島県","日本政策金融公庫（日本公庫）が、今回の震災の被害を受け、いったん廃業した中小企業者などであって、新たに事業を開始する方を対象に、通常の融資とは別枠で、貸付期間の延長や金利引き下げなどをおこなった低利・長期の融資で支援します。",http://www.r-assistance.go.jp/contentdetail_k.aspx?ContentID=149
480,"被災した土地や家屋の固定資産税や都市計画税が減額・免除されます","被災した土地や家屋が所在する市町村","青森県//岩手県//宮城県//福島県//茨城県","津波により甚大な被害を受けた区域で、平成23年度課税免除区域として市町村長が指定した区域内の土地・家屋には、原則として平成24年度分の固定資産税・都市計画税は課税されません。ただし、市町村長が、その使用状況などを勘案して、課税することが適当として指定した土地・家屋については、 1／ 2減額課税または課税されます。",http://www.r-assistance.go.jp/contentdetail_k.aspx?ContentID=480
91,"応急仮設住宅の供与","都道府県、市町村","岩手県//宮城県//福島県","●県又は市町村が建設した応急仮設住宅に入居できます。",http://www.r-assistance.go.jp/contentdetail_k.aspx?ContentID=91
507,"身体障がい者などが所有する軽自動車の減免","大槌町税務会計課","岩手県大槌町","身体に障害のある方または知的障がい・精神障がいのある方が所有されている軽自動車税は、障がいの程度により申請することで減免になります。",http://www.r-assistance.go.jp/contentdetail_k.aspx?ContentID=507
152,"農業の復旧・復興を支援します　生産資材購入などのための借入れを無利子化しました
<被害農家営農資金利子補給等補助金>　（農業）","市町村、お近くの金融機関（農協、銀行、信金など）","岩手県//宮城県//福島県","農業者の方々が、経営の復旧に必要となる生産資材の購入などのために無利子で融資が受けれられるよう、国が支援しています。融資枠は１，０００億円です。",http://www.r-assistance.go.jp/contentdetail_k.aspx?ContentID=152
493,"（復興特区制度を活用した取組を支援します）
被災した鉄道施設の復旧のために取得・改良した資産について固定資産税の特例があります","被災した鉄道施設などの代わりに取得などをした施設が所在する都道府県・市町村","青森県//岩手県//宮城県//福島県//茨城県","大震災により滅失、損壊した鉄道施設や車両を所有する鉄道事業者が、被災した施設などに代わる償却資産を取得または改良した場合には、固定資産税の課税標準を、以下のとおり引き下げます。",http://www.r-assistance.go.jp/contentdetail_k.aspx?ContentID=493
485,"被災した自動車を買い換えた場合、自動車重量税や自動車取得税などが免除されます
「自動車取得税・自動車税・軽自動車税」","買換えた自動車の主たる定置場が所在する都道府県・市町村","青森県//岩手県//宮城県//福島県//茨城県","平成26年3月31日までの間に、被災して使えなくなった自動車を買換えた場合、自動車取得税が非課税になります。買換えた自動車は、平成23年度から平成25年度の各年度分の自動車税・軽自動車税が非課税になります。",http://www.r-assistance.go.jp/contentdetail_k.aspx?ContentID=485
361,"原子力損害の賠償等に関する問い合わせ窓口","福島県原子力賠償支援課","福島県","原子力損害賠償制度の概要、原子力損害賠償紛争審査会が定める指針、賠償に係る請求手続きなどの相談ができます。",http://www.r-assistance.go.jp/contentdetail_k.aspx?ContentID=361
170,"ガス・石油に関する事業の復旧を支援しています　運転資金の１００％の信用保証枠を創設し資金繰りを支援しています
＜石油製品販売業災害特別保証事業＞","資源エネルギー庁石油流通課","岩手県//宮城県//福島県","運転資金の１００％の信用保証枠を創設し、大震災により経営が悪化している揮発油販売事業者の資金繰りを支援しています。",http://www.r-assistance.go.jp/contentdetail_k.aspx?ContentID=170
106,"職業転換給付金（広域求職活動費、移転費、訓練手当）の支給","公共職業安定所または都道府県労働局","岩手県//宮城県//福島県","●就職が困難な失業者などの再就職の促進を図るため、ハローワークの紹介により広域に渡る求職活動を行う場合や、就職または公共職業訓練を受講するために住所を移転する場合にその費用の一部が支給されます。
また、訓練を行っている期間については訓練手当が支給されます。",http://www.r-assistance.go.jp/contentdetail_k.aspx?ContentID=106
151,"水産業の復旧・復興を支援します　生産資材購入などのための借入れを無利子化しました
<被害農家営農資金利子補給等補助金＞（水産業）","市町村、お近くの金融機関（漁協、銀行、信金など）","岩手県//宮城県//福島県","漁業者の方々が、経営の復旧に必要となる生産資材の購入などのために無利子で融資が受けられるよう、国が支援しています。融資枠は1,000億円です。",http://www.r-assistance.go.jp/contentdetail_k.aspx?ContentID=151
470,"（復興特区制度を活用した取組を支援します）
所得税・法人税について復興居住区域内で新築の被災者向け優良賃貸住宅を取得などして賃貸を行う場合、特別償却や税額控除ができます","お近くの税務署","青森県//岩手県//宮城県//福島県//茨城県","復興居住区域において、指定事業者が新築の被災者向け優良賃貸住宅を取得などし、賃貸を行った場合、25％の特別償却または８％の税額控除ができます。",http://www.r-assistance.go.jp/contentdetail_k.aspx?ContentID=470
115,"児童扶養手当等の特別措置","市町村","岩手県//宮城県//福島県","●被災者に対する児童扶養手当・特別児童扶養手当、特別障害者手当・障害児福祉手当について、所得制限の特例措置を講じます。",http://www.r-assistance.go.jp/contentdetail_k.aspx?ContentID=115
535,"被災地の障害者に係る実習型雇用支援終了後の正規雇用奨励金を拡充しました","最寄りのハローワーク","岩手県//宮城県//福島県","被災地の障害者に係る実習型雇用支援終了後の正規雇用奨励金を拡充しました。",http://www.r-assistance.go.jp/contentdetail_k.aspx?ContentID=535
194,"農業の復旧・復興を支援します　農業の復旧と施設改築・補強などの災害対策を実施しています
＜災害復旧事業等＞","農政局整備部防災課","岩手県//宮城県//福島県","●地震などにより被災した農地・農業用施設などの災害復旧を実施しています。",http://www.r-assistance.go.jp/contentdetail_k.aspx?ContentID=194
489,"警戒区域内にあった償却資産に代わり取得した償却資産の固定資産税が減額されます","新たに取得した償却資産が所在する市町村","青森県//岩手県//宮城県//福島県//茨城県","警戒区域内にあった償却資産に代わる償却資産について、固定資産税の軽減措置を受けることができます。",http://www.r-assistance.go.jp/contentdetail_k.aspx?ContentID=489
232,"東日本大震災復興緊急保証","各都道府県等の信用保証協会","岩手県//宮城県//福島県","●信用保証協会が、金融機関からの事業の再建や経営の安定に必要な資金の借入れを保証します。",http://www.r-assistance.go.jp/contentdetail_k.aspx?ContentID=232
340,"生活家電セットの寄贈","日本赤十字社
・東日本大震災復興支援推進本部コールセンター","福島県","日本赤十字社は、被災された方々の生活支援として、生活家電セット（家電６点：１．洗濯機　２．冷蔵庫　３．テレビ　４．炊飯器　５．電子レンジ　６．電気ポット）の寄贈を、自治体を通じて行っています。",http://www.r-assistance.go.jp/contentdetail_k.aspx?ContentID=340
483,"被災した農地に代わる農地を取得した場合、不動産取得税を免除します","被災した農地の代わりに取得などをした農地が所在する都道府県","青森県//岩手県//宮城県//福島県//茨城県","大震災によって耕作や養畜に用いることができなくなった農地の所有者などが、その農地に代わる農地を取得した場合、被災した農地の面積分については、不動産取得税が課されません。",http://www.r-assistance.go.jp/contentdetail_k.aspx?ContentID=483
249,"農地・水保全管理支払交付金","農地整備課等","岩手県//宮城県//福島県","被災した農地周りの水路の補修等を行う集落を支援します。",http://www.r-assistance.go.jp/contentdetail_k.aspx?ContentID=249
297,"主な損害項目における補償基準の概要 
【その他の政府指示等に係る損害について】
〈検査費用（物）〉","福島原子力補償相談室（コールセンター）","福島県","賠償基準：当該指示等に基づく検査費用",http://www.r-assistance.go.jp/contentdetail_k.aspx?ContentID=297
242,"被災者向け農の雇用事業","全国農業会議所","岩手県//宮城県//福島県","被災農業者及び就農を希望する被災者の農業法人等での雇用・技術習得を支援します。",http://www.r-assistance.go.jp/contentdetail_k.aspx?ContentID=242
145,"マル経融資","最寄りの商工会・都道府県商工会連合会、最寄りの商工会議所","岩手県//宮城県//福島県","●小規模事業者経営改善資金融資（通称：マル経融資）制度は、商工会・商工会議所・都道府県商工会連合会の経営指導員が経営指導を行うことによって日本政策金融公庫が無担保・無保証人・低利で融資を行う制度です。",http://www.r-assistance.go.jp/contentdetail_k.aspx?ContentID=145
486,"警戒区域・計画的避難区域などのうち一部区域内の土地・家屋について、固定資産税都市計画税が減額・免除されます","土地・家屋が所在する市町村","青森県//岩手県//宮城県//福島県//茨城県","警戒区域・計画的避難区域などのうち市町村長が指定した区域内の土地・家屋には、平成24年度分の固定資産税・都市計画税は課税されません。平成24年1月1日以前に避難区域などが解除された区域内の土地・家屋は、1／ 2減額課税または課税されます。",http://www.r-assistance.go.jp/contentdetail_k.aspx?ContentID=486
168,"ガス・石油に関する事業の復旧を支援しています　ポータブル計量器の設置費用などを定額補助しています
＜被災地域簡易給油所設置等支援事業＞","資源エネルギー庁石油流通課","岩手県//宮城県//福島県","大震災によって営業不能となった揮発油販売事業者に対し、ポータブル計量器の設置費用などを定額補助しています。",http://www.r-assistance.go.jp/contentdetail_k.aspx?ContentID=168
107,"公的職業訓練","公共職業安定所","岩手県//宮城県//福島県","●離職した者が、早期の再就職のために技能や知識を身につける必要がある場合、無料で職業訓練が受けられます。",http://www.r-assistance.go.jp/contentdetail_k.aspx?ContentID=107
208,"原子力災害に係る原子力安全広聴・広報事業","原子力安全・保安院内コールセンター","岩手県//宮城県//福島県","原子力災害等について、みなさまからの質問や相談に応じています。",http://www.r-assistance.go.jp/contentdetail_k.aspx?ContentID=208
558,"茨城県事業復興型雇用創出事業","茨城県商工労働部労働政策課 雇用促進対策室","茨城県水戸市//茨城県日立市//茨城県土浦市//茨城県石岡市//茨城県龍ケ崎市//茨城県下妻市//茨城県常総市//茨城県常陸太田市//茨城県高萩市//茨城県北茨城市//茨城県笠間市//茨城県取手市//茨城県牛久市//茨城県つくば市//茨城県ひたちなか市//茨城県鹿嶋市//茨城県潮来市//茨城県常陸大宮市//茨城県那珂市//茨城県筑西市//茨城県稲敷市//茨城県かすみがうら市//茨城県桜川市//茨城県神栖市//茨城県行方市//茨城県鉾田市//茨城県つくばみらい市//茨城県小美玉市//茨城県茨城町//茨城県大洗町//茨城県城里町//茨城県東海村//茨城県大子町//茨城県美浦村//茨城県阿見町//茨城県河内町//茨城県利根町","被災地域において，産業政策（補助・制度融資等）の対象となり，事業の再建，高度化，新規立地等を行い，被災求職者を雇用する事業主に，雇入れに係る費用の一部として最大３年間助成金を支給します。",http://www.r-assistance.go.jp/contentdetail_k.aspx?ContentID=558
472,"（復興特区制度を活用した取組を支援します）
復興特区での都市計画事業によって土地や建物が買い取られる場合などには、所得税（住民税）の特別控除などを適用します","・所得税について
　　お近くの税務署
・住民税について
　　土地・家屋が所在する市町村","青森県//岩手県//宮城県//福島県//茨城県","次のような場合に、土地や建物の譲渡所得にかかる所得税や住民税の算出に当っての特別控除など、税制上の措置を適用します。",http://www.r-assistance.go.jp/contentdetail_k.aspx?ContentID=472
503,"東松島市中小企業融資制度(東日本大震災災害特別融資)","東松島市商工観光課商工政策班","宮城県東松島市","この融資制度は、被災された市内事業者の復旧への支援策として設立したものです。",http://www.r-assistance.go.jp/contentdetail_k.aspx?ContentID=503
393,"耕作放棄地再生利用緊急対策(広域利用調整)","農村整備総室農村振興課","福島県","国の耕作放棄地再生利用交付金を活用して県外避難者の県内への呼び戻しや県内避難先での営農再開に必要な耕作放棄地に係る情報を被災者へ提供するシステムを構築し、また、コーディネーター等を配置して土地所有者と被災者との広域的な利用調整を支援します。",http://www.r-assistance.go.jp/contentdetail_k.aspx?ContentID=393
490,"警戒区域内の自動車について、永久抹消登録などがなされたときは、自動車税（軽自動車税）が課されません","警戒区域内の自動車の主たる定置場が所在する都道府県・市町村","青森県//岩手県//宮城県//福島県//茨城県","警戒区域内の自動車で、用途の廃止を事由とした永久抹消登録がなされたものに対しては、平成23年3月11日にさかのぼって、自動車税・軽自動車税が課されません。",http://www.r-assistance.go.jp/contentdetail_k.aspx?ContentID=490
450,"印紙税が非課税になります","お近くの税務署","青森県//岩手県//宮城県//福島県//茨城県","次のような契約書の作成に係る印紙税が非課税になります。",http://www.r-assistance.go.jp/contentdetail_k.aspx?ContentID=450
402,"戸別訪問による防犯指導及び防犯広報紙の配布","仮設住宅所在地を管轄する警察署または福島県警察本部生活安全企画課","福島県","本県及び他県警察官が各署管内に所在する仮設住宅各戸を訪問し、各種相談・要望の受理等を行うものです。",http://www.r-assistance.go.jp/contentdetail_k.aspx?ContentID=402
473,"地方税の申告などの期限が延長されます","お住まいの都道府県・市町村","青森県//岩手県//宮城県//福島県//茨城県","大震災により、期限までに地方税の申告・納付などができない方は、その期限が延長されます。",http://www.r-assistance.go.jp/contentdetail_k.aspx?ContentID=473
355,"漁業共済","全国合同漁業共済組合福島県事務所","福島県","漁業共済事業に加入する漁業者が、災害等により受けた次の損失について、共済金が支給されます。",http://www.r-assistance.go.jp/contentdetail_k.aspx?ContentID=355
197,"森林・林業・木材産業の復旧を支援しています　防波堤や林道の復旧費を補助しています
＜山林施設災害復旧事業＞","林野庁治山課山地災害対策室","岩手県//宮城県//福島県","地震、津波により被災した防潮堤などの治山施設や林道などの復旧について、都道府県、市町村、森林組合などが実施する場合に支援しています。なお、国有林は国が直接実施しています。",http://www.r-assistance.go.jp/contentdetail_k.aspx?ContentID=197
392,"耕作放棄地再生利用緊急対策(被災者支援実証ほ)","農村整備総室農村振興課","福島県","地元以外の耕作放棄地を再生して農業を再開する場合は、国の耕作放棄地再生利用交付金を活用した『被災者支援実証ほ』があります。",http://www.r-assistance.go.jp/contentdetail_k.aspx?ContentID=392
205,"中小企業海外展開等支援事業","経済産業省 中小企業庁 経営支援部 新事業促進課","岩手県//宮城県//福島県","国内外展示会への出展支援等により、中小企業の海外展開を支援します。",http://www.r-assistance.go.jp/contentdetail_k.aspx?ContentID=205
153,"森林・林業・木材産業の復旧を支援しています　生産資材購入などのための借入れを無利子化しました
<被害農家営農資金利子補給等補助金＞（林業）","市町村、お近くの金融機関（森林組合、銀行、信金など）","岩手県//宮城県//福島県","林業者の方々が、経営の復旧に必要となる生産資材の購入などのために無利子で融資が受けれられるよう、国が支援しています。融資枠は１，０００億円です。",http://www.r-assistance.go.jp/contentdetail_k.aspx?ContentID=153
157,"水産業共同利用施設復旧支援事業（拡充）","水産庁加工流通課","岩手県//宮城県//福島県","被災した漁協等が所有する水産業共同利用施設の機能復旧に必要不可欠な機器等の整備を支援します。",http://www.r-assistance.go.jp/contentdetail_k.aspx?ContentID=157
492,"（復興特区制度を活用した取組を支援します）
（独）中小企業基盤整備機構が被災した事業者のための仮設施設を取得した場合、不動産取得税などを非課税にします","","青森県//岩手県//宮城県//福島県//茨城県","（独）中小企業基盤整備機構が、被災した事業者用の工場や事業場にするために仮設施設を取得した場合は、不動産取得税、固定資産税、都市計画税を非課税にします。
これにより、地域を支える中小企業の早期の事業再開を後押しします。",http://www.r-assistance.go.jp/contentdetail_k.aspx?ContentID=492
221,"医療・保健・福祉サービスなどの復旧・支援を進めています　医療施設などの耐震化などを推進します","都道府県衛生主管部局の各施設担当窓口","岩手県//宮城県//福島県","●災害の発生時にも医療を継続して提供できるよう、災害拠点病院などの耐震化整備などに対して財政支援を行います。",http://www.r-assistance.go.jp/contentdetail_k.aspx?ContentID=221
180,"当面の雇用機会を創出（震災等緊急雇用対応事業）","お仕事をお探しの方はお近くのハローワーク
※企業、NPOなどの方は各都道府県の雇用主管部局の各担当窓口","岩手県//宮城県//福島県","震災等の影響により失業された方の当面の雇用機会を創出します。",http://www.r-assistance.go.jp/contentdetail_k.aspx?ContentID=180
17,"義援金","岩手県復興局生活再建課
※　義援金の支給可否や支給日程に関するお問い合わせは、各市町村にお願いします。","岩手県","岩手県では、日本赤十字本社、中央共同募金会から県に配分された義援金と、岩手県災害義援金募集委員会に寄せられた義援金を市町村に配分しています。
義援金の配分にあたっては、平成２３年東北太平洋沖地震及び津波義援金配分委員会により、配分基準を定めております。",http://www.r-assistance.go.jp/contentdetail_k.aspx?ContentID=17
216,"中高年齢農漁業者を対象とした講習","厚生労働省職業安定局雇用開発課農山村雇用対策室","岩手県//宮城県//福島県","●被災地（岩手県・宮城県・福島県）の農業法人・漁業経営体などが雇用する中高年齢農漁業者に対し、職業的知識の取得のための講習を実施します。",http://www.r-assistance.go.jp/contentdetail_k.aspx?ContentID=216
357,"林業関係の制度資金","県庁林業振興課","福島県","○林業・木材産業改善資金
○木材産業等高度化推進資金",http://www.r-assistance.go.jp/contentdetail_k.aspx?ContentID=357
405,"漁業共済","水産庁漁業保険管理官","岩手県//宮城県//福島県","漁業共済に加入する被災漁業者が、震災等により漁具被害を受けたり出漁不能により損失を受けた際、漁業共済団体から共済金が支払われます。",http://www.r-assistance.go.jp/contentdetail_k.aspx?ContentID=405
481,"被災した償却資産に代わり取得などをした償却資産の固定資産税が減額されます","被災した償却資産の代わりに取得などをした償却資産が所在する市町村","青森県//岩手県//宮城県//福島県//茨城県","平成28年3月31日までに、大震災で滅失・損壊した償却資産に代わる償却資産を取得などした場合、その後4年間、固定資産税が1／2に減額されます。",http://www.r-assistance.go.jp/contentdetail_k.aspx?ContentID=481
484,"被災した自動車について、自動車税（軽自動車税）が免除されます","被災時にお住まいだった都道府県・市町村","青森県//岩手県//宮城県//福島県//茨城県","「海水に浸り使えなくなった」「車庫がつぶれて車体が壊れた」「津波で流されてどこに行ったかわからない」などで、平成23年４月１日時点で使用不能となっている自動車には、自動車税・軽自動車税が課されません。",http://www.r-assistance.go.jp/contentdetail_k.aspx?ContentID=484
196,"農業の復旧・復興を支援します　土地改良のための借入れにかかる利子を３年間助成しています
＜東日本大震災被災地域土地改良負担金償還助成＞","農政局整備部農地整備課","岩手県//宮城県//福島県","東日本大震災により一定規模以上の被災を受けた土地改良負担金を償還中の地区において、負担金の償還猶予の期間に発生する償還金の利子相当額を最大3年間助成しています。",http://www.r-assistance.go.jp/contentdetail_k.aspx?ContentID=196
122,"仮設住宅などで医療・福祉サービスを提供します　高齢者や障害者、児童への相談・生活支援","都道府県民生主管部局の各事業担当窓口","岩手県//宮城県//福島県","・仮設住宅などにお住まいの方に、総合相談、高齢者などのデイサービス、生活支援などを提供するサービス拠点を設置します。",http://www.r-assistance.go.jp/contentdetail_k.aspx?ContentID=122
324,"自家消費野菜等の放射能簡易検査について","福島県消費生活課 （消費生活センター）","福島県","県及び市町村では、消費者庁から放射能簡易分析装置の貸与等を受け、食品等の放射能簡易検査を実施しています。",http://www.r-assistance.go.jp/contentdetail_k.aspx?ContentID=324
244,"被災者営農継続支援耕作放棄地活用事業","農林水産省農村振興局農村計画課耕作放棄地活用推進室","岩手県//宮城県//福島県","耕作放棄地を活用した営農再開を支援します。",http://www.r-assistance.go.jp/contentdetail_k.aspx?ContentID=244
403,"仮設住宅の集会所に開設した警察官立寄所等における各種相談・要望の受理","各警察署","福島県","仮設住宅を管轄する警察署が、独自に開設する警察官立寄所等を拠点として、各種相談・要望の受理等を行うものです。",http://www.r-assistance.go.jp/contentdetail_k.aspx?ContentID=403
228,"国による仮払金の支払い（「仮払法」の実施）","仮払いホットラインなど","福島県//茨城県//栃木県//群馬県","観光業に係る中小企業者の風評被害に対し仮払金を支払います",http://www.r-assistance.go.jp/contentdetail_k.aspx?ContentID=228
479,"所得税（住民税）の住宅借入金等特別控除の借入限度額や控除率を引き上げます
「住民税」","被災時にお住まいだった市町村","青森県//岩手県//宮城県//福島県//茨城県","●「所得税（住民税）の住宅借入金等特別控除の借入限度額や控除率を引き上げます　所得税」の特例による所得税の控除しきれなかった額がある場合には、その残額分を、翌年度分の個人住民税から減額します。",http://www.r-assistance.go.jp/contentdetail_k.aspx?ContentID=479
341,"県外における住まいの支援について","各県の相談窓口","福島県","県外の自治体においても、公営住宅や公務員宿舎の空家の提供等により、避難している皆様の住宅対策を実施しています。",http://www.r-assistance.go.jp/contentdetail_k.aspx?ContentID=341
314,"線量低減化活動支援事業について","福島県生活環境部除染対策課","福島県","県では、学校周辺を始め身近な暮らしの安全安心を守るため、通学路や公園の除染など県内各地域の放射線量を低減させる自主的な活動を支援します。",http://www.r-assistance.go.jp/contentdetail_k.aspx?ContentID=314
231,"農業者等の金融支援","日本政策金融公庫、お近くの金融機関（農協、銀行、信金など）","岩手県//宮城県//福島県","実質無利子、無担保・無保証人で借入れができます。",http://www.r-assistance.go.jp/contentdetail_k.aspx?ContentID=231
304,"主な損害項目における補償基準の概要 
【いわゆる間接被害について】
〈就労不能等に伴う損害〉","福島原子力補償相談室（コールセンター）","福島県","賠償基準： 間接被害に伴う営業損害についての実態を踏まえたうえで，改めてご案内させていただきます。",http://www.r-assistance.go.jp/contentdetail_k.aspx?ContentID=304
502,"地域再生中小企業助成金のご案内　東松島市で創業をお考えの方へ","宮城労働局職業対策課助成金コーナー","宮城県東松島市","「地域再生中小企業助成金」は、雇用失業助成が厳しい地域において、地域の重点分野(地域再生分野)で創業を行う中小企業事業主向けに、その創業経費および労働者の雇入れ経費を支援する助成金です。",http://www.r-assistance.go.jp/contentdetail_k.aspx?ContentID=502
198,"森林・林業・木材産業の復旧を支援しています　防波堤や林道の復旧費を補助しています
＜山林施設災害関連事業＞","林野庁治山課山地災害対策室","岩手県//宮城県//福島県","施設の復旧事業に加え、再度災害の防止に十分な効果が期待できない場合に、施設の改良事業などを、国が直接実施するほか、都道府県、市町村、森林組合などが実施する場合に支援しています。なお、国有林は国が直接実施しています。",http://www.r-assistance.go.jp/contentdetail_k.aspx?ContentID=198
199,"森林・林業・木材産業の復旧を支援しています　防波堤や林道の復旧費を補助しています
＜緊急治山対策＞","林野庁治山課","岩手県//宮城県//福島県","地震、津波などで被災した山地、海岸部の保安林のうち、緊急的に復旧整備を必要とする箇所について、都道府県が事業を実施する場合に支援しています。なお、国有林などは国が直接実施しています。",http://www.r-assistance.go.jp/contentdetail_k.aspx?ContentID=199
270,"法人および個人事業主の方に関する主な損害項目における賠償基準の概要
【いわゆる風評被害について】
〈観光業の風評被害（外国人観光客の解約）〉","福島原子力補償相談室（コールセンター）","北海道//青森県//岩手県//宮城県//秋田県//山形県//埼玉県//千葉県//東京都//神奈川県//新潟県//富山県//石川県//福井県//山梨県//長野県//岐阜県//静岡県//愛知県//三重県//滋賀県//京都府//大阪府//兵庫県//奈良県//和歌山県//鳥取県//島根県//岡山県//広島県//山口県//徳島県//香川県//愛媛県//高知県//福岡県//佐賀県//長崎県//熊本県//大分県//宮崎県//鹿児島県//沖縄県","賠償基準：外国人観光客の予約解約による減収分（逸失利益）＋追加的費用",http://www.r-assistance.go.jp/contentdetail_k.aspx?ContentID=270
140,"地デジチューナー等支援事業（被災世帯向け）","総務省地デジチューナー支援実施センター","岩手県//宮城県//福島県","●地上デジタル放送未対応の被災世帯に対して、地デジチューナー等を無償給付します。",http://www.r-assistance.go.jp/contentdetail_k.aspx?ContentID=140
200,"森林・林業・木材産業の復旧を支援しています　借入れに際する債務保証を無担保・無保証人・保証料無料にしました
＜災害復興林業信用保証事業＞","（独）農林漁業信用基金","岩手県//宮城県//福島県","無担保・無保証人・保証料無料で100%の債務保証を受けられます",http://www.r-assistance.go.jp/contentdetail_k.aspx?ContentID=200
158,"水産業共同利用施設復旧整備事業","水産庁防災漁村課","北海道//青森県//岩手県//宮城県//福島県//茨城県//千葉県","漁業者などの共同利用施設の整備費を補助しています。",http://www.r-assistance.go.jp/contentdetail_k.aspx?ContentID=158
404,"漁船保険","水産庁漁業保険管理官","岩手県//宮城県//福島県","漁船保険に加入する被災漁業者が、震災等により漁船の滅失、沈没、損傷等を受けた際に漁船保険団体から保険金が支払われます。",http://www.r-assistance.go.jp/contentdetail_k.aspx?ContentID=404
342,"り災証明書（住家の被害認定）","避難前に居住していた市町村","福島県","市町村が災害により被害を受けた住家の被災状況の現地調査等を行い、確認した事実に基づき発行する証明書であり、発行された内容により、どのような被災者支援が受けられるかが決まります。",http://www.r-assistance.go.jp/contentdetail_k.aspx?ContentID=342
383,"地域公共交通確保維持改善事業（調査事業）","生活環境部生活交通課","福島県","地域の交通を維持するため、地域の実情に応じた生活交通等の運行（無償運行含む）の試験・調査を国が支援するものです。",http://www.r-assistance.go.jp/contentdetail_k.aspx?ContentID=383
504,"原子力損害賠償に係る巡回法律相談","福島県原子力賠償支援課","福島県","福島県では、原子力損害の賠償について、福島県弁護士会と連携して、弁護士による巡回の法律相談を実施し、被害者の皆さまを支援しています。",http://www.r-assistance.go.jp/contentdetail_k.aspx?ContentID=504
482,"被災した土地や家屋に代わるものを取得などをした場合固定資産税などが減額されます","被災した家屋や土地の代わりに取得などをした家屋や土地が所在する都道府県・市町村","青森県//岩手県//宮城県//福島県//茨城県","〈平成33年3月31日までに、大震災で滅失・損壊した家屋に代わる家屋を取得するなどの場合〉
被災家屋の床面積相当分は、不動産取得税が課されません。また、固定資産税は取得または改築後4年間は1／2、その後2年間は1／3が減額されます。
〈平成33年３月31日までに、大震災で滅失・損壊した住宅、店舗、工場、倉庫の用地に代わる土地を取得するなどの場合〉
従前の土地面積に相当する分は不動産取得税が課税されません。",http://www.r-assistance.go.jp/contentdetail_k.aspx?ContentID=482
475,"被災した土地や家屋の固定資産税や都市計画税が減額・免除されます","土地・家屋が所在する市町村","青森県//岩手県//宮城県//福島県//茨城県","津波により甚大な被害を受けた区域で、平成23年度課税免除区域として市町村長が指定した区域内の土地・家屋には、原則として平成24年度分の固定資産税・都市計画税は課税されません。ただし、市町村長が、その使用状況などを勘案して、課税することが適当として指定した土地・家屋については、1／2減額課税または課税されます。",http://www.r-assistance.go.jp/contentdetail_k.aspx?ContentID=475
458,"資産の買換えに関する特例について対象となる取得期間などを延長します","お近くの税務署","青森県//岩手県//宮城県//福島県//茨城県","大震災により、居住用財産や事業用資産について、本来買換え資産を取得するべき期間内に取得することが困難となった場合などには、以下の特例について、その対象となる買換え資産などの取得期間などを2年の範囲内で延長します。",http://www.r-assistance.go.jp/contentdetail_k.aspx?ContentID=458
358,"農林水産業に関する相談窓口について（福島県）","農林水産業に関する相談窓口（農林企画課）","福島県","福島県では、農林水産業関係全般（営農、資金、流通など）の相談窓口を設けています。",http://www.r-assistance.go.jp/contentdetail_k.aspx?ContentID=358
218,"国民年金の保険料免除","市町村、年金事務所","岩手県//宮城県//福島県","以下の方は、ご本人からの申請があった場合、国民年金保険料が免除になる場合があります。免除の申請手続きは、平成２４年３月末日までに行ってください。",http://www.r-assistance.go.jp/contentdetail_k.aspx?ContentID=218
491,"永久抹消登録などがなされた警戒区域内の自動車に代わる自動車を取得した場合、自動車取得税などが非課税になります","買い換えた自動車の主たる定置場が所在する都道府県・市町村","青森県//岩手県//宮城県//福島県//茨城県","〈永久抹消登録などの後に自動車を買い換えた場合〉
平成26年3月31日までの間に、警戒区域内の自動車で、用途の廃止を事由とした永久抹消登録などがなされた自動車を買い替えた場合、自動車取得税が非課税になります。
〈永久抹消登録などの前に自動車を買い換えた場合〉
永久抹消登録などを行う前に、自動車を買い換えた場合も、自動車取得税・自動車税及び軽自動車税について、永久抹消登録などの後で自動車を買い換えた場合と同様の特例が受けられます。",http://www.r-assistance.go.jp/contentdetail_k.aspx?ContentID=491
451,"登録免許税が免除されます","お近くの法務局・税務署","青森県//岩手県//宮城県//福島県//茨城県","被災された方が行う以下のような登記に関する登録免許税を免除します。",http://www.r-assistance.go.jp/contentdetail_k.aspx?ContentID=451
465,"被災した自動車を買い換えた場合、自動車重量税や自動車取得税などが免除されます
「自動車重量税」","お近くの運輸支局または軽自動車検査協会
お近くの税務署","青森県//岩手県//宮城県//福島県//茨城県","平成26年４月30日までの間に、被災したり、警戒区域にあるため使えなくなった自動車（前のページをご覧ください）を買い換えた場合、最初の車検または車両番号の指定の際に課される自動車重量税が免除されます。",http://www.r-assistance.go.jp/contentdetail_k.aspx?ContentID=465
466,"（復興特区制度を活用した取組を支援します）
復興産業集積区域に新たに立地した新設企業について、法人税を５年間無税にします","お近くの税務署","青森県//岩手県//宮城県//福島県//茨城県","復興産業集積区域を規定する復興推進計画の認定日以後に復興産業集積区域内に新設され、新たに立地した指定法人について、所得金額を限度として再投資等準備金を積み立てたときは、その積立額を損金に算入できます。",http://www.r-assistance.go.jp/contentdetail_k.aspx?ContentID=466
136,"期限内に履行されなかった届出等の義務の一定期間の猶予","法令に基づく届出等の担当窓口","岩手県//宮城県//福島県","●特定非常災害特別措置法に基づき、災害が特定非常災害として政令で指定されることにより、法令に基づく届出等の義務が、本来の期限までに履行できなかった場合であっても、それが特定非常災害によるものであることが認められた場合には、政令で定める期限までに履行すれば、行政上及び刑事上の責任を問われません。",http://www.r-assistance.go.jp/contentdetail_k.aspx?ContentID=136
505,"災害義援金について（第2次配分（3回目））","大槌町復興局被災者支援室","岩手県大槌町","災害義援金の第2次配分（3回目）を交付対象者に対し下記のとおり行います。",http://www.r-assistance.go.jp/contentdetail_k.aspx?ContentID=505
464,"被災した自動車について、自動車重量税が還付されます","お近くの運輸支局または軽自動車検査協会
お近くの税務署","青森県//岩手県//宮城県//福島県//茨城県","「海水に浸り使えなくなった」「車庫がつぶれて車体が壊れた」「津波で流されてどこに行ったかわからない」「警戒区域内にあるため使えなくなった」などの場合、自動車の永久抹消登録などの手続きを行うと、自動車重量税が還付されます。",http://www.r-assistance.go.jp/contentdetail_k.aspx?ContentID=464
411,"山田町東日本大震災義援金","山田町　健康福祉課　地域福祉係","岩手県山田町","町では、東日本大震災により被災された方へ、県内外各地の支援者から山田町に送られた義援金を下記のとおり配分しています。対象となる方で申請手続きが済んでいない方は早めに申請願います。",http://www.r-assistance.go.jp/contentdetail_k.aspx?ContentID=411
237,"漁業復興担い手確保支援事業","水産庁企画課","岩手県//宮城県//福島県","被災した若青年漁業者に対し、雇用機会を通じた技術習得を支援します。",http://www.r-assistance.go.jp/contentdetail_k.aspx?ContentID=237
396,"農家の意向把握（出張営農相談等）","農林事務所等","福島県","各農林事務所農業振興普及部や農業普及所では、地震・津波被害や原発事故により被災した農家の方々からの、営農に関する様々な相談を受け付けています。",http://www.r-assistance.go.jp/contentdetail_k.aspx?ContentID=396
323,"原発避難者特例法による行政サービスの提供について","福島県市町村行政課","福島県いわき市//福島県田村市//福島県南相馬市//福島県川俣町//福島県広野町//福島県楢葉町//福島県富岡町//福島県川内村//福島県大熊町//福島県双葉町//福島県浪江町//福島県葛尾村//福島県飯舘村","該当市町村から、住民票を移さずに避難している方には、平成24年1月1日から原発避難者特例法に基づき、避難先自治体から、主に医療福祉事務（要介護認定、予防接種等）、教育事務（児童生徒就学等）に関する行政サービスが提供されることになります。",http://www.r-assistance.go.jp/contentdetail_k.aspx?ContentID=323
488,"警戒区域内にある農地に代わる農地を取得した場合、不動産取得税を免除します","警戒区域内にある農地の代わりに取得などをした農地が所在する都道府県・市町村","青森県//岩手県//宮城県//福島県//茨城県","警戒区域内にあって使用が困難な農地の所有者などが、警戒区域内にある農地に代わる農地を取得した場合は、警戒区域内の農地の面積分については、不動産取得税を控除します。",http://www.r-assistance.go.jp/contentdetail_k.aspx?ContentID=488
227,"アスベスト、大気、海洋、土壌等の環境モニタリング","環境省水・大気環境局大気環境課(アスベスト関係)","岩手県//宮城県//福島県","被災地の環境モニタリングを強化します",http://www.r-assistance.go.jp/contentdetail_k.aspx?ContentID=227
305,"主な損害項目における補償基準の概要 
【放射線被曝による損害について】
〈放射線被曝による損害〉","福島原子力補償相談室（コールセンター）","福島県","賠償基準：放射線被曝による障害の状況を踏まえたうえで，改めてご案内させていただきます。",http://www.r-assistance.go.jp/contentdetail_k.aspx?ContentID=305
478,"所得税（住民税）の住宅借入金等特別控除が引き続き利用できます
「住民税」","被災時にお住まいだった市町村","青森県//岩手県//宮城県//福島県//茨城県","大震災により、住宅借入金等特別控除（いわゆる住宅ローン控除）を受けていた住宅に居住できなくなった場合、残りの適用期間について引き続き、住宅借入金等特別控除を利用することができます。",http://www.r-assistance.go.jp/contentdetail_k.aspx?ContentID=478
500,"東松島市就学援助費制度","東松島市学校教育課学校教育班","宮城県東松島市","市では、震災により被災し就学にお困りの児童生徒の保護者方を対象に就学援助を実施しています。",http://www.r-assistance.go.jp/contentdetail_k.aspx?ContentID=500
126,"生活衛生関係営業者などの復旧のための融資","（株)日本政策金融公庫","岩手県//宮城県//福島県","1次補正で措置した東日本大震災復興特別貸付の取扱の延長等を行っています。",http://www.r-assistance.go.jp/contentdetail_k.aspx?ContentID=126
171,"貿易円滑化事業","経済産業省貿易経済協力局貿易振興課","岩手県//宮城県//福島県","風評被害による物流の停滞を防ぎ、貿易の円滑化を図るため、政府による風評被害対策の一環として、経済産業省が指定した検査機関が行う輸出品に係る放射線量検査の検査料が補助されます。
特に、中小企業については検査料の９／１０が補助されます。",http://www.r-assistance.go.jp/contentdetail_k.aspx?ContentID=171
143,"セーフティネット保証","信用保証協会","岩手県//宮城県//福島県","●震災被害に限らず、業況が悪化している中小企業者が金融機関から経営の安定に必要な資金の借入を行う場合、信用保証協会が一般保証とは別枠で保証する制度です。",http://www.r-assistance.go.jp/contentdetail_k.aspx?ContentID=143
211,"倒壊、流失などした建物の滅失登記に係る手続の負担を軽減します","登記相談フリーダイアル","岩手県//宮城県//福島県","既に登記されている建物が倒壊などした場合は、通常、その建物の所有者が自ら、法務局に建物の滅失登記を申請することが必要です。",http://www.r-assistance.go.jp/contentdetail_k.aspx?ContentID=211
93,"自宅が被災した方への融資や修理などの支援策があります　被災住宅の無料診断など","国土交通大臣指定住宅相談窓口「住まいるダイヤル」","岩手県//宮城県//福島県","被災した住宅の補修・再建について、無料の診断・相談を受け付けております。まずは「住まいるダイヤル」までお電話ください。",http://www.r-assistance.go.jp/contentdetail_k.aspx?ContentID=93
128,"労働者の安全と健康の確保を支援しています","労働局、労働基準監督署、メンタルヘルス対策支援センター","岩手県//宮城県//福島県","被災地域の労働者の方々などの安全と健康を確保できるよう、
1.被災労働者やそのご家族へのメンタルヘルス相談
2.被災地の復旧工事での安全確保、アスベストを含む「粉じん」を防ぐための防じんマスクを配布、着用の指導方法についての事業者への助言・指導などを行っています。",http://www.r-assistance.go.jp/contentdetail_k.aspx?ContentID=128
453,"所得税の減額・免除が受けられます","お近くの税務署","青森県//岩手県//宮城県//福島県//茨城県","住宅や家財などに損害を受けた方は、平成22年分または平成23年分のいずれかの所得税の減額・免除を受けることができます。",http://www.r-assistance.go.jp/contentdetail_k.aspx?ContentID=453
501,"東松島市勤労者生活安定資金融資制度","東松島市商工観光課商工政策班","宮城県東松島市","この融資制度は、中小企業に勤務されている方の生活への支援策として東北労働金庫と提携し設立したものです。",http://www.r-assistance.go.jp/contentdetail_k.aspx?ContentID=501
496,"被災家屋等の解体･撤去","東松島市環境課","宮城県東松島市","被災により損壊・損傷した家屋等の解体・撤去を行います。",http://www.r-assistance.go.jp/contentdetail_k.aspx?ContentID=496
471,"（復興特区制度を活用した取組を支援します）
特定激甚災害地域で新築の被災者向け優良賃貸住宅を取得などして賃貸を行う場合、所得税・法人税の割増償却ができます","お近くの税務署","青森県//岩手県//宮城県//福島県//茨城県","特定激甚災害地域内で、新築の被災者向け優良賃貸住宅を取得又は新築し、賃貸を行った場合、５年間、割増償却ができます。",http://www.r-assistance.go.jp/contentdetail_k.aspx?ContentID=471
88,"特定優良賃貸住宅等への入居","都道府県、市町村","岩手県//宮城県//福島県","●被災者の方は、都道府県、市町村、地方住宅供給公社、民間土地所有者等が整備する特定優良賃貸住宅等に入居することができます。",http://www.r-assistance.go.jp/contentdetail_k.aspx?ContentID=88
100,"母子寡婦福祉資金貸付金","都道府県・市（福祉事務所設置町村含む。）の福祉事務所","岩手県//宮城県//福島県","●母子寡婦福祉資金とは、母子家庭や寡婦を対象に、経済的な自立と生活の安定を図るために必要な経費を貸し付けるものです。",http://www.r-assistance.go.jp/contentdetail_k.aspx?ContentID=100
386,"がんばろう福島！“絆”づくり応援事業（コミュニティのつなぎ役業務に被災者等を雇用）","絆づくり支援センター","福島県","本事業は、当課が各自治体から支援要請を受け、委託先の就職支援会社を通して運営スタッフを雇用し、配置するものです。",http://www.r-assistance.go.jp/contentdetail_k.aspx?ContentID=386
360,"就職・生活支援の相談窓口について","","福島県","県では、各種窓口を設置してきめ細かな就職相談や職業紹介による就職を支援するとともに、生活資金や住居確保の相談、公共職業訓練の情報提供などの生活支援を行っています。",http://www.r-assistance.go.jp/contentdetail_k.aspx?ContentID=360
166,"ガス・石油に関する事業の復旧を支援しています　ガス製造設備などの復旧事業経費の５割を補助しています
＜被災ガス関連設備の復旧支援＞","資源エネルギー庁ガス市場整備課","岩手県//宮城県//福島県","大きな被害を受けた宮城県、岩手県、福島県におけるガス製造設備、ガス導管などの設備の復旧を支援しています。",http://www.r-assistance.go.jp/contentdetail_k.aspx?ContentID=166
240,"加工原料等の安定確保取組支援","水産庁加工流通課","岩手県//宮城県//福島県","緊急的に漁協、水産加工協等が、遠隔地から原料の確保等を行う際の掛かり増し経費を支援します。",http://www.r-assistance.go.jp/contentdetail_k.aspx?ContentID=240
84,"母子寡婦福祉資金の住宅資金","福祉事務所","岩手県//宮城県//福島県","●災害により被害を受けた住宅の補修、保全、増築、改築等に必要な経費を貸し付けます。",http://www.r-assistance.go.jp/contentdetail_k.aspx?ContentID=84
238,"漁業・養殖業復興支援事業","水産庁","岩手県//宮城県//福島県","漁業者及び養殖業者の経営の再建に必要な経費（人件費、燃油費、販売費等）を補助します。",http://www.r-assistance.go.jp/contentdetail_k.aspx?ContentID=238
114,"国の教育ローン（災害特例措置）","株式会社日本政策金融公庫　国の教育ローンコールセンター、沖縄振興開発金融公庫（沖縄に住所を有する方）","岩手県//宮城県//福島県","災害により被害を受けた方に対して教育ローンを融資します。",http://www.r-assistance.go.jp/contentdetail_k.aspx?ContentID=114
313,"被災農業者等の雇用・就労支援について","１．については各県農林事務所農業振興普及部（営農相談窓口）

２．については各県農林事務所、市町村、ＪＡ職業紹介所

３．については各県農林事務所、市町村、農業委員会等","福島県","県では、震災等により被災し避難を余儀なくされている被災者の皆さんの農作業による就労を応援します。",http://www.r-assistance.go.jp/contentdetail_k.aspx?ContentID=313
325,"震災対応特別訓練コースの実施について","各公共職業安定所","福島県","東日本大震災に伴い、離職を余儀なくされた方等の就職の促進を図るとともに、災害の復旧・復興に必要な人材育成を図るため、建設機械の運転に必要な知識・技能の習得に係る職業訓練を実施します。",http://www.r-assistance.go.jp/contentdetail_k.aspx?ContentID=325
18,"いわての学び希望基金（未就学児童給付事業費）","岩手県保健福祉部児童家庭課健全育成担当
岩手県教育委員会事務局教育企画室総務担当","岩手県","東日本大震災津波で被災した子どもたちを支援します。",http://www.r-assistance.go.jp/contentdetail_k.aspx?ContentID=18
118,"学校施設の耐震化などを推進","","岩手県//宮城県//福島県","【公立学校耐震化及び防災機能強化】
●約４，９００棟の耐震化を進めます。
【私立学校等耐震化等】
●私立学校施設などの耐震改修など防災機能を強化するための整備に係る経費の一部を支援します。",http://www.r-assistance.go.jp/contentdetail_k.aspx?ContentID=118
172,"放射線量測定指導・助言事業","経済産業省地域経済産業グループ地域技術課または東北経済産業局復興対策チーム","岩手県//宮城県//福島県","放射線量測定等に関する専門家を派遣します",http://www.r-assistance.go.jp/contentdetail_k.aspx?ContentID=172
256,"法人および個人事業主の方に関する主な損害項目における賠償基準の概要
【政府による避難等の指示等に係る損害について】
〈財物価値の喪失又は減少等〉","福島原子力補償相談室（コールセンター）","福島県","賠償基準：避難等対象区域の解除日程が確定していないこと、除染方法が明らかになっていないこと等から、東京電力事故の収束状況等を踏まえつつ、継続的に検討を行ったうえで、改めてご案内させていただきます。",http://www.r-assistance.go.jp/contentdetail_k.aspx?ContentID=256
447,"法人税が還付されます","お近くの税務署","青森県//岩手県//宮城県//福島県//茨城県","平成24年3月10日までの間に終了する事業年度において、大震災により生じた損失金額がある場合、その事業年度の前2年間に遡って法人税額の繰戻し還付を受けることができます。",http://www.r-assistance.go.jp/contentdetail_k.aspx?ContentID=447
230,"職業訓練を支援しています","１．４．について　お近くのハローワーク
２．３．について　お近くの労働局","岩手県//宮城県//福島県","震災の影響により事業活動の縮小を余儀なくされた事業主の皆さんや、被災地の方を雇い入れる事業主の皆さんが利用できる雇用の助成制度があります。",http://www.r-assistance.go.jp/contentdetail_k.aspx?ContentID=230
178,"職場適応訓練費の支給","公共職業安定所又は都道府県労働局","岩手県//宮城県//福島県","●職場適応訓練を実施する事業主に対して訓練費を支給します。また、訓練生に対して雇用保険の失業等給付を支給します。",http://www.r-assistance.go.jp/contentdetail_k.aspx?ContentID=178
468,"（復興特区制度を活用した取組を支援します）
復興産業集積区域で被災された方を雇用する場合、給与などの10％を所得税・法人税から控除できます","お近くの税務署","青森県//岩手県//宮城県//福島県//茨城県","指定事業者が復興産業集積区域内の事業所で被災者を雇用する場合、指定を受けた日から5年間、その給与などの支給額の10％を、所得税額または法人税額の20％を限度として控除できます。",http://www.r-assistance.go.jp/contentdetail_k.aspx?ContentID=468
37,"休日・夜間の急病や，ケガをしたとき","宮城県県医療整備課","宮城県","在宅当番医制、休日・夜間急患センター",http://www.r-assistance.go.jp/contentdetail_k.aspx?ContentID=37
498,"災害による災害ごみ無料回収","東松島市環境課","宮城県東松島市","災害ごみについて，行政回収を行います｡",http://www.r-assistance.go.jp/contentdetail_k.aspx?ContentID=498
499,"行方不明者の親族向け相談窓口","石巻警察署刑事第一課","宮城県東松島市","行方不明者の親族の方からの相談・DNA検査の申し込み、身元不明遺体の特徴資料の閲覧などの業務については、市営墓地(大塩字引沢、旧河南地区衛生センター跡地)内のプレハブ事務所で行っていましたが、8月21日(日)以降は石巻警察署で行っています。",http://www.r-assistance.go.jp/contentdetail_k.aspx?ContentID=499
127,"東日本大震災による女性の悩み・暴力に関する相談事業","内閣府男女共同参画局","岩手県//宮城県//福島県","被災地において、女性等が安心して利用できる相談サービスを提供します。",http://www.r-assistance.go.jp/contentdetail_k.aspx?ContentID=127
497,"災害ごみの直接受け入れ","東松島市環境課","宮城県東松島市","災害ごみの受入を次のとおり実施します。",http://www.r-assistance.go.jp/contentdetail_k.aspx?ContentID=497
506,"罹災証明の発行","大槌町税務会計課","岩手県大槌町","罹災証明とは、自然災害などにより住家などが損壊した場合、その程度を判定し証明するものです。この証明は、生活再建支援金の請求などの手続きに必要とされています。",http://www.r-assistance.go.jp/contentdetail_k.aspx?ContentID=506
474,"財形住宅（年金）貯蓄の払出しが非課税でできます
「住民税」","財形住宅（年金）貯蓄を契約した金融機関の営業所などが所在する都道府県","青森県//岩手県//宮城県//福島県//茨城県","大震災で被害を受けたことにより、平成24年3月10日までに財形住宅貯蓄や財形年金貯蓄を住宅の取得など以外の目的で払出しを受ける場合であっても、利子などに対する所得税や住民税が非課税になります。",http://www.r-assistance.go.jp/contentdetail_k.aspx?ContentID=474
161,"農林水産業共同利用施設災害復旧事業","農政局総務部検査課等","岩手県//宮城県//福島県","農協施設などの復旧事業の最大９割を補助します",http://www.r-assistance.go.jp/contentdetail_k.aspx?ContentID=161
217,"長期失業者の就職支援（長期失業者等総合支援事業）","最寄りのハローワーク","北海道//岩手県//宮城県//福島県//埼玉県//千葉県//東京都//神奈川県","無料で民間職業紹介事業者の就職支援が受けられます",http://www.r-assistance.go.jp/contentdetail_k.aspx?ContentID=217
469,"（復興特区制度を活用した取組を支援します）
復興産業集積区域内で取得した開発研究用の減価償却資産について、取得価額まで特別償却できます","お近くの税務署","青森県//岩手県//宮城県//福島県//茨城県","復興産業集積区域内で指定事業者が取得などした開発研究用の減価償却資産について、通常の減価償却限度額に加えて、取得価額まで、特別償却（即時償却）ができます。",http://www.r-assistance.go.jp/contentdetail_k.aspx?ContentID=469
467,"（復興特区制度を活用した取組を支援します）
所得税・法人税について復興産業集積区域内で取得した事業用設備の特別償却または税額控除ができます","お近くの税務署","青森県//岩手県//宮城県//福島県//茨城県","復興産業集積区域内において、指定事業者が事業用設備（機械装置、建物、構築物）を取得して事業に用いた場合に、特別償却または税額控除ができます。",http://www.r-assistance.go.jp/contentdetail_k.aspx?ContentID=467
335,"ひとり親家庭医療費助成制度","ひとり親家庭医療費助成制度","福島県","○ひとり親家庭の方が受診された場合も「医療機関を受診する際の保険証（被保険者証）等の提示について」及び「医療機関を受診する際の一部負担金等の免除について」に記載のとおりとなります。",http://www.r-assistance.go.jp/contentdetail_k.aspx?ContentID=335
298,"主な損害項目における補償基準の概要 
【いわゆる風評被害について】
〈農林漁業の風評被害〉","福島原子力補償相談室（コールセンター）","福島県","賠償基準：東京電力事故による買い控え等に伴う減収分＋追加的費用",http://www.r-assistance.go.jp/contentdetail_k.aspx?ContentID=298
144,"災害関係保証","信用保証協会","岩手県//宮城県//福島県","●金融機関から事業の再建に必要な資金の借入を行う場合、信用保証協会が一般保証とは別枠で保証する制度です。",http://www.r-assistance.go.jp/contentdetail_k.aspx?ContentID=144
409,"「被災証明書」について","山田町役場　税務課　収納係","岩手県山田町","＜町で発行する被災証明書とは＞
東日本大震災による被災者について、被災証明書等の提示により、東北地方の高速道路が無料となります。これに伴い、町では県内全域で停電となり暖房が使えず被害を受けたこと、また長時間の停電で生活面に被害を受けたことにより、「被災証明書」を発行いたします。",http://www.r-assistance.go.jp/contentdetail_k.aspx?ContentID=409
307,"つなぎ資金の融資","金融機関（基金協会と契約を締結している農協、信漁連、銀行、信金、信組など）等","福島県","●福島原発事故に伴う出荷制限等や風評被害を受けた農林漁業者に対し、東京電力からの賠償がなされるまでの間、農漁協系統金融機関からの無利子融資等による当面の資金の提供等を実施します。(条件は県や融資機関によって異なる場合があります。)",http://www.r-assistance.go.jp/contentdetail_k.aspx?ContentID=307
343,"労働者支援融資制度（勤労者支援資金−災害復旧・医療資金）","東北労働金庫福島県本部・各支店","福島県","災害により被害を受けた住居、家財の補修、買換えなど、災害復旧のために臨時応急的な資金をお貸しします。",http://www.r-assistance.go.jp/contentdetail_k.aspx?ContentID=343
448,"相続税・贈与税が減額・免除されます","お近くの税務署","青森県//岩手県//宮城県//福島県//茨城県","相続税または贈与税の課税対象となった財産の価額のうち１／10以上が被害を受けた場合には、相続税または贈与税が減額・免除されます。",http://www.r-assistance.go.jp/contentdetail_k.aspx?ContentID=448
132,"農地や森林の土壌などへの放射性物質の影響に関する調査を強化し、把握した情報を提供します","農林水産省、林野庁","岩手県//宮城県//福島県","農業や林業の継続・再開に向けた農業者、林業者のみなさまの取組などに役立てるため、農地や森林の土壌への放射性物質の影響に関してくわしく正確な情報を把握し、その結果をみなさまに提供してまいります。",http://www.r-assistance.go.jp/contentdetail_k.aspx?ContentID=132
347,"あしなが育英会奨学金「特別一時金」","あしなが育英会","福島県","あしなが育英会では、東日本大震災で親を失った０歳から大学院生までに特別一時金（返済不要）を支給します。",http://www.r-assistance.go.jp/contentdetail_k.aspx?ContentID=347
282,"主な損害項目における補償基準の概要 
【政府による避難等の指示等に係る損害について】
〈検査費用（人）〉","福島原子力補償相談室（コールセンター）","福島県","賠償基準：検査費用、交通費、宿泊費",http://www.r-assistance.go.jp/contentdetail_k.aspx?ContentID=282
125,"医療・保健・福祉サービスなどの復旧・支援を進めています　医療施設・福祉施設などの復旧のための融資","（独）福祉医療機構","岩手県//宮城県//福島県","被災した医療施設・福祉施設などが抱える二重債務問題に対応し、再建を支援するため、（独）福祉医療機構がおこなう融資について、震災前から抱えていた債務（旧債務）の条件変更や、新たな借入れ（新債務）の貸付条件の緩和をおこないます。",http://www.r-assistance.go.jp/contentdetail_k.aspx?ContentID=125
177,"復旧・復興のための経営相談","中小企業基盤整備機構の最寄りの窓口、最寄りの商工会、最寄りの商工会議所","岩手県//宮城県//福島県","１．被災地への震災復興支援アドバイザー 
中小機構が、被災中小企業や被災地域の自治体、支援機関に震災復興支援アドバイザーを派遣し、中小企業等の幅広い支援ニーズに対して無料でアドバイス等をいたします。今回の震災で生産設備に影響があった中小企業に対しては、設備の復旧や応急処置に関する助言を行います。（※実際の補修（業務代行）を行うものではありません） 
２．商工会、商工会議所における経営相談 
商工会や商工会議所において、窓口相談や巡回相談等を行います。",http://www.r-assistance.go.jp/contentdetail_k.aspx?ContentID=177
59,"母子家庭の就業支援","宮城県母子福祉センター等","宮城県","母子家庭の母や寡婦の方が自立した生活を送られるよう，必要な知識・技術の修得や資格を取得するための講習会等を開催しています。",http://www.r-assistance.go.jp/contentdetail_k.aspx?ContentID=59
308,"輸出に取り組む事業者向け対策","農林水産省食料産業局輸出促進グループ","福島県","●今後輸出拡大が期待される品目について明確な輸出目標を設定したうえで実施する戦略的な輸出拡大プロジェクトを総合的に支援します。（補助率１／２以内）",http://www.r-assistance.go.jp/contentdetail_k.aspx?ContentID=308
406,"「り災証明書」について","山田町役場　税務課　資産税係","岩手県山田町","＜り災証明書とは＞
　町が被災した建物について調査し、被災程度を「全壊」「大規模半壊」「半壊」「一部損壊」の区分により発行する証明書です。自己所有の住宅に限らず、借家やアパート等の賃貸住宅に居住の場合も対象となります。",http://www.r-assistance.go.jp/contentdetail_k.aspx?ContentID=406
303,"主な損害項目における補償基準の概要 
【いわゆる間接被害について】
〈営業損害〉","福島原子力補償相談室（コールセンター）","岩手県//宮城県//福島県","賠償基準：間接被害に伴う減収分 ＋ 追加的費用",http://www.r-assistance.go.jp/contentdetail_k.aspx?ContentID=303
410,"山田町国保、後期高齢の方の一部負担金の免除証明書の発行について","山田町役場　国保介護課（国民健康保険係）","岩手県山田町","８月１日から、被災された方で山田町国保、後期高齢の加入者は、医療機関窓口で免除証明書を提示することで、一部負担金等の支払いが平成２４年２月２９日まで（入院時食事療養費は８月３１日まで）免除されますので、下記により免除証明書の交付を受けてください。",http://www.r-assistance.go.jp/contentdetail_k.aspx?ContentID=410
328,"生命保険・損害保険","災害地域生保契約照会センター","福島県","○震災で被災された契約者の方が、生命保険、地震保険を契約している保険会社がわからない場合、契約有無の調査を行う照会センターが設けられています。",http://www.r-assistance.go.jp/contentdetail_k.aspx?ContentID=328
226,"介護福祉士等修学資金貸付事業","各都道府県、市町村の社会福祉協議会","岩手県//宮城県//福島県","被災した学生を対象に、学費などを無利子で貸付けます。",http://www.r-assistance.go.jp/contentdetail_k.aspx?ContentID=226
124,"医療施設などの電力確保支援","","岩手県//宮城県//福島県","救命救急センター、介護老人保健施設、重症心身障害児施設などの自家発電設備の整備を補助します。",http://www.r-assistance.go.jp/contentdetail_k.aspx?ContentID=124
186,"漁港施設等災害復旧事業（拡充）","水産庁防災漁村課","北海道//青森県//岩手県//宮城県//秋田県//福島県//茨城県//千葉県","地震や津波の被害を受けた漁港や海岸などの復旧を、国が支援しています。",http://www.r-assistance.go.jp/contentdetail_k.aspx?ContentID=186
185,"被災した中小企業の事業継続・再開を支援します　復旧・復興のために無料で支援専門家を派遣しています
＜復旧・復興のための支援専門家派遣＞","中小企業復興支援センター、商工会、商工会議所","岩手県//宮城県//福島県","中小企業基盤整備機構が盛岡、仙台、福島などの被災地に支援拠点を設置し、無料で中小企業の相談を受け付けています。",http://www.r-assistance.go.jp/contentdetail_k.aspx?ContentID=185
105,"雇用保険の失業等給付","公共職業安定所","岩手県//宮城県//福島県","●災害を受けたことにより休止・廃止したために、休業を余儀なくされ、賃金を受け取ることができない方や、一時的に離職を余儀なくされた方については、実際に離職していなくとも失業給付が受給できます。",http://www.r-assistance.go.jp/contentdetail_k.aspx?ContentID=105
283,"主な損害項目における補償基準の概要 
【政府による避難等の指示等に係る損害について】
〈検査費用（物）〉","福島原子力補償相談室（コールセンター）","福島県","賠償基準：放射線検査費用",http://www.r-assistance.go.jp/contentdetail_k.aspx?ContentID=283
430,"市の義援金","宮古市生活課","岩手県宮古市","宮古市は、全国各地から宮古市に直接寄せられた義援金を交付しています。",http://www.r-assistance.go.jp/contentdetail_k.aspx?ContentID=430
376,"心のケア事業（被災乳幼児と家族の心のケア事業）","保健福祉部児童家庭課","福島県","東日本大震災及び原発事故により不安やストレスを抱えた乳幼児やその家族に対して、市町村の乳幼児健診等の機会に併せて、専門家による心の健康相談を行います。",http://www.r-assistance.go.jp/contentdetail_k.aspx?ContentID=376
454,"所得税の予定納税額が減額されます","お近くの税務署","青森県//岩手県//宮城県//福島県//茨城県","税務署から予定納税額を通知された方で、大震災により事業用資産や住宅・家財などが損害を受け、平成23年6月30日または10月31日時点で計算した申告納税見積額が通知書に記載された予定納税基準額に満たないと見込まれる場合、予定納税額の減額の申請ができます。",http://www.r-assistance.go.jp/contentdetail_k.aspx?ContentID=454
362,"放射線に関する問い合わせ窓口","福島県災害対策本部","福島県","福島県災害対策本部では、放射線に関する問い合わせの専用電話を設けています。",http://www.r-assistance.go.jp/contentdetail_k.aspx?ContentID=362
279,"主な損害項目における補償基準の概要 
【政府による避難等の指示等に係る損害について】
〈生命・身体的損害〉","福島原子力補償相談室（コールセンター）","福島県","賠償基準：医療費",http://www.r-assistance.go.jp/contentdetail_k.aspx?ContentID=279
457,"家屋の敷地の譲渡に係る所得税（住民税）の特例などについて対象となる譲渡期限を延長します","お近くの税務署","青森県//岩手県//宮城県//福島県//茨城県","大震災により、住んでいた家屋が滅失し、その敷地を譲渡する場合、以下の税制上の措置が受けられる譲渡期限を、下図のとおり3年から7年に延長します。",http://www.r-assistance.go.jp/contentdetail_k.aspx?ContentID=457
163,"被災農家経営再開支援事業","生産局","岩手県//宮城県//福島県","復旧作業を共同で行う農業者に対して、復興組合などを通じてその活動に応じ経営再開支援金をお支払いします。",http://www.r-assistance.go.jp/contentdetail_k.aspx?ContentID=163
135,"許認可等の存続期間（有効期間）の延長","許認可等の更新手続を行う担当窓口","岩手県//宮城県//福島県","●特定非常災害特別措置法に基づき、災害が特定非常災害として政令で指定されることにより、一定の地域の方々を対象に、運転免許のような許認可等（災害発生日以後に満了するもの）について、政令で定める日を限度として、存続期間（有効期間）が延長されます。",http://www.r-assistance.go.jp/contentdetail_k.aspx?ContentID=135
141,"共同受信施設のデジタル化改修等支援事業（被災施設向け）","総務省テレビ受信者支援センター 統括本部","岩手県//宮城県//福島県","●被災した共同受信施設のデジタル化改修等に必要となる経費に対し助成金を支給します。",http://www.r-assistance.go.jp/contentdetail_k.aspx?ContentID=141
389,"職業訓練手当の支給対象拡大","商工労働部産業人材育成課","福島県","震災により離職を余儀なくされた方や災害により内定を取り消された新規学卒者が公共職業安定所長の指示を受けて公共職業訓練を受講した場合で、雇用保険が受給できない方に対して訓練手当を支給します。",http://www.r-assistance.go.jp/contentdetail_k.aspx?ContentID=389
444,"国税の申告・納付などの期限を延長しました","お近くの税務署","青森県//岩手県//宮城県//福島県//茨城県","現在、宮城県及び福島県の以下の地域に納税地を有する方については、すべての国税について、東日本大震災が発生した平成23年3月11日以降に到来する申告・納付などの期限が延長されています。",http://www.r-assistance.go.jp/contentdetail_k.aspx?ContentID=444
27,"学校生活全般に関する相談
発達に遅れやつまずきのある子どもに関する相談","岩手県立総合教育センター等","岩手県","学校生活全般に関する相談や発達に遅れやつまずきのある子どもに関する相談を受け付けています。",http://www.r-assistance.go.jp/contentdetail_k.aspx?ContentID=27
183,"被災した中小企業の事業継続・再開を支援します
<中小企業電話相談ナビダイヤル>","中小企業電話相談ナビダイヤル","岩手県//宮城県//福島県","事業の継続・再開支援のため、さまざまな支援策を創設しました。資金繰りや経営の悩み、どこに相談したらよいか、お困りの中小企業のみなさま、お電話をください。",http://www.r-assistance.go.jp/contentdetail_k.aspx?ContentID=183
193,"農業の復旧・復興を支援します　除塩や区画整理などの事業費の最大９割を補助しています
＜土地改良法の特例措置等＞","農政局整備部防災課","岩手県//宮城県//福島県","東日本大震災に係る津波による災害に対処し、早期営農再開を図るため、国などが緊急的に行う災害復旧および除塩並びにこれとあわせて区画整理などの事業を円滑に実施しています。",http://www.r-assistance.go.jp/contentdetail_k.aspx?ContentID=193
316,"他府県等からの雇用等支援情報について","福島県農業担い手課","福島県","被災者に対して、熊本県や石川県など７府県から期限に定めのある（多くは平成２４年３月末日まで）農業関係での雇用等の支援情報が寄せられています。",http://www.r-assistance.go.jp/contentdetail_k.aspx?ContentID=316
223,"保育所等の複合化・多機能化推進事業","都道府県民生主管部局の各施設担当窓口","岩手県//宮城県//福島県","●保育所などの復興に際し、認定こども園や地域子育て支援拠点など子育て関連施設の複合化、多機能化を行う場合に重点的な財政支援を行います。",http://www.r-assistance.go.jp/contentdetail_k.aspx?ContentID=223
20,"公営住宅への優先入居","財団法人岩手県建築住宅センター、各市町村住宅担当課","岩手県","公営住宅へ優先的に入居できる場合があります。",http://www.r-assistance.go.jp/contentdetail_k.aspx?ContentID=20
456,"所得税（住民税）の住宅借入金等特別控除の借入限度額や控除率を引き上げます
「所得税」","お近くの税務署","青森県//岩手県//宮城県//福島県//茨城県","大震災により、所有する住宅に居住できなくなった方が、新たに住宅を取得したり、住宅を増改築したりした場合、取得などした住宅の住宅借入金等特別控除の借入限度額や控除率を引き上げます。",http://www.r-assistance.go.jp/contentdetail_k.aspx?ContentID=456
62,"県立高等学校及び県立中学校に係る入学金・入学者選抜手数料・寄宿舎料の免除","","宮城県","震災により被災された方々の，平成２３年度中の入学者選抜手数料，入学金及び寄宿舎料が免除となります。",http://www.r-assistance.go.jp/contentdetail_k.aspx?ContentID=62
364,"ボランティア","福島県災害ボランティアセンター","福島県","平成２３年５月３０日現在、県内では３２市町村に災害ボランティアセンターが設置され、さまざまな活動を行っています。
ボランティアにお願いしたい内容がありましたら、福島県災害ボランティアセンター、または市町村のボランティアセンターまでお問い合わせください。",http://www.r-assistance.go.jp/contentdetail_k.aspx?ContentID=364
121,"仮設住宅などで医療・福祉サービスを提供します　仮設診療所の整備補助","都道府県衛生主管部局の担当窓口
（岩手県・宮城県・福島県の代表）","岩手県//宮城県//福島県","仮設診療所（薬局を併設するものを含む）、仮設歯科診療所、歯科巡回診療車の整備を補助し、仮設住宅などで生活する被災者の方々への診療を確保します。",http://www.r-assistance.go.jp/contentdetail_k.aspx?ContentID=121
329,"各種警察関係手数料の免除","最寄りの警察署","福島県","○被災された方が、平成２３年３月１１日から平成２４年３月３１日までに申請する運転免許証再交付手数料、自動車保管場所証明申請手数料、道路使用許可申請手数料など、各種手数料が免除されます。",http://www.r-assistance.go.jp/contentdetail_k.aspx?ContentID=329
22,"就業支援員、ジョブカフェいわて、地域ジョブカフェ、いわて求職者総合支援センター、これからのくらし仕事支援室、県南地域パーソナルサポートセンターへの相談","各広域振興局、各地域振興センター、ジョブカフェなど","岩手県","県の就業支援施設などで相談支援や就職に向けた支援を行います。",http://www.r-assistance.go.jp/contentdetail_k.aspx?ContentID=22
104,"未払賃金立替払制度","","岩手県//宮城県//福島県","●企業倒産により賃金が支払われないまま退職した労働者に対して、未払賃金の一部を、独立行政法人労働者健康福祉機構が事業主に代わって支払います。",http://www.r-assistance.go.jp/contentdetail_k.aspx?ContentID=104
344,"県立学校の通学費支援","県教育庁財務課","福島県","県では、サテライト校への通学や県内の他の地域に転学する生徒等の負担を軽減するため、次のとおり通学バスの運行や経費の支援をしています。",http://www.r-assistance.go.jp/contentdetail_k.aspx?ContentID=344
440,"震災孤児等の支援のための寄附のご案内（東日本大震災教育支援基金）","宮古市教育委員会総務課","岩手県宮古市","東日本大震災にあたり、宮古市内外の多数の方から「津波で親を亡くされた子どもさんたちの奨学育英資金として役立ててほしい」などを趣旨とする善意の寄附金が寄せられました。
宮古市では、これを原資として、児童の教育と健やかな成長を支援するため、「東日本大震災教育支援基金」を新設しました。",http://www.r-assistance.go.jp/contentdetail_k.aspx?ContentID=440
315,"震災特例旅券について","福島県パスポートセンター","福島県","平成２３年３月１１日に発生した東北地方太平洋沖地震により自宅が滅失したり損壊する等してパスポートの紛失届を提出された方が希望する場合、紛失等したパスポートの残存有効期間を限度とする震災特例旅券を、国及び県の手数料を徴収することなく発給する特例措置を行っています。",http://www.r-assistance.go.jp/contentdetail_k.aspx?ContentID=315
322,"中小企業等の二重債務に関する相談窓口について","（公財）福島県産業振興センター 総務企画グループ","福島県","東日本大震災により、甚大な被害を受けた中小企業者等の二重債務問題の相談に応じるとともに、事業再開に向けた取組みを支援するため、「福島県産業復興相談センター」が設置されました。",http://www.r-assistance.go.jp/contentdetail_k.aspx?ContentID=322
398,"仮設住宅利便性向上（ﾊﾞﾘｱﾌﾘｰ対策等）に対する支援","土木部建築住宅課","福島県","仮設住宅の利便性を向上させるため、入居者からの手摺り、スロープ設置等の要望を市町村が取りまとめて県に要望された事項について、県が設置するものです。",http://www.r-assistance.go.jp/contentdetail_k.aspx?ContentID=398
399,"快適性保持のための修繕","土木部建築住宅課","福島県","入居者の故意、過失でない仮設住宅の不具合に対し、市町村から一括して受け付ける維持管理センターを県が設置（予定）して、工事の瑕疵や修繕に対応するものです。",http://www.r-assistance.go.jp/contentdetail_k.aspx?ContentID=399
388,"緊急雇用創出基金事業","商工労働部雇用労政課","福島県","市町村の行政機能回復のためや県の震災対応業務に関する雇用を行っています。",http://www.r-assistance.go.jp/contentdetail_k.aspx?ContentID=388
23,"震災こころの相談室（被災地こころのケア対策事業）","保健所","岩手県","震災によるこころのストレスについて相談・診察を受けることができます。",http://www.r-assistance.go.jp/contentdetail_k.aspx?ContentID=23
381,"がんばろう福島！“絆”づくり応援事業（集会所で入居者に惣菜を配布）","商工労働部雇用労政課","福島県","本事業は、当課が各自治体から支援要請を受け、委託先の就職支援会社を通して運営スタッフを雇用し、配置するものです。",http://www.r-assistance.go.jp/contentdetail_k.aspx?ContentID=381
280,"主な損害項目における補償基準の概要 
【政府による避難等の指示等に係る損害について】
〈就労不能等に伴う損害〉","福島原子力補償相談室（コールセンター）","福島県","賠償基準：就労不能等による給与等の減収分＋追加的費用",http://www.r-assistance.go.jp/contentdetail_k.aspx?ContentID=280
334,"乳幼児医療費助成制度","県庁児童家庭課","福島県","○乳幼児の方が受診された場合も「医療機関を受診する際の保険証（被保険者証）等の提示について」及び「医療機関を受診する際の一部負担金等の免除について」に記載のとおりとなります。",http://www.r-assistance.go.jp/contentdetail_k.aspx?ContentID=334
331,"介護保険法","県庁介護保険室","福島県","○被保険者証を提示することにより介護サービスが利用できます。",http://www.r-assistance.go.jp/contentdetail_k.aspx?ContentID=331
56,"子どもの心のケア","子ども総合センター付属診療所等","宮城県","震災で被災したお子さんの養育や心のケアに関する相談に応じています。",http://www.r-assistance.go.jp/contentdetail_k.aspx?ContentID=56
461,"所得税・法人税について被災資産の代わりに新たに取得などをした資産の特別償却ができます","お近くの税務署","青森県//岩手県//宮城県//福島県//茨城県","所得税・法人税について被災資産の代わりに新たに取得などをした資産の特別償却ができます。",http://www.r-assistance.go.jp/contentdetail_k.aspx?ContentID=461
159,"漁場復旧対策支援事業（拡充）","水産庁漁場資源課","岩手県//宮城県//福島県","漁業者等による漁場のがれき回収に補助金を支給しています。",http://www.r-assistance.go.jp/contentdetail_k.aspx?ContentID=159
449,"被災された方が取得した住宅取得等資金の贈与税について特例があります","お近くの税務署","青森県//岩手県//宮城県//福島県//茨城県","〈１．震災前の贈与についての特例〉
震災前に住宅取得等資金に関する非課税措置を受けており、住宅の滅失などにより居住できなくなった場合、非課税措置の適用にあたっての居住要件を免除します。
〈２．震災後の贈与についての特例〉
住宅などが被災した方が、その直系尊属から住宅取得等資金の贈与を受け、住宅を新築、取得などした場合、既に非課税措置を利用している場合でも、その資金の1,000万円までを非課税にします。",http://www.r-assistance.go.jp/contentdetail_k.aspx?ContentID=449
35,"震災遺児・孤児向けの奨学金など","宮城県教育庁総務課等","宮城県","震災遺児や震災孤児を対象とした返済の必要のない奨学金等が設けられています。",http://www.r-assistance.go.jp/contentdetail_k.aspx?ContentID=35
156,"さけ・ます生産地震災復旧支援緊急事業","水産振興課等","岩手県//宮城県//福島県","平成２４年春のさけ・ますの種苗放流を可能とするため、緊急対策として、仮設飼育地の整備などを国が支援しています。",http://www.r-assistance.go.jp/contentdetail_k.aspx?ContentID=156
445,"国税の納付が一時的に猶予されます","お近くの税務署","青森県//岩手県//宮城県//福島県//茨城県","大震災により、財産に相当な損失を受けた方や資金不足となり国税を一時的に納付することが困難な方については、所轄税務署長に申請することにより、最長3年間、納税の猶予を受けることができます。",http://www.r-assistance.go.jp/contentdetail_k.aspx?ContentID=445
369,"地域の寺子屋推進事業","保健福祉部子育て支援課","福島県","社会全体で子育てを支援するため、知恵と経験のある方と、次世代を担う子どもとその親が、地域の資源を活用して、互いに交流する取組みを行う「地域の寺子屋」を県内に拡大しています。",http://www.r-assistance.go.jp/contentdetail_k.aspx?ContentID=369
138,"弁護士費用の立替等に係る民事法律扶助制度","法テラス・サポートダイヤル","岩手県//宮城県//福島県","日本司法支援センター（法テラス）では、経済的に余裕のない方が法的トラブルにあったときに、次の援助を行います。",http://www.r-assistance.go.jp/contentdetail_k.aspx?ContentID=138
154,"水産業の復旧を支援します　小型漁船の建造費を補助しています
＜共同利用小型漁船建造事業＞","水産庁沿岸沖合課","岩手県//宮城県//福島県","激甚災害法に基づき、漁業協同組合が、組合員が共同で利用する小型漁船を建造する場合、国が支援しています。",http://www.r-assistance.go.jp/contentdetail_k.aspx?ContentID=154
438,"被災中小企業者対策設備貸与事業補助金のご案内","宮古市産業振興部産業支援センター","岩手県宮古市","東日本大震災で被災された事業者の早期の事業再開を支援します。",http://www.r-assistance.go.jp/contentdetail_k.aspx?ContentID=438
189,"養殖施設災害復旧事業（拡充）","水産庁栽培養殖課","岩手県//宮城県//福島県","養殖施設の復旧事業費の最大９割を補助しています。",http://www.r-assistance.go.jp/contentdetail_k.aspx?ContentID=189
49,"「みやぎ心のケアセンター」とは","宮城県障害福祉課","宮城県","みやぎ心のケアセンター（平成２３年１２月開所）は，被災された方々の心の相談や心の健康に関する講話，講演会等を行います。",http://www.r-assistance.go.jp/contentdetail_k.aspx?ContentID=49
139,"民事調停の申立手数料の免除","最寄りの裁判所","岩手県//宮城県//福島県","●民事調停の申立手数料を免除します。",http://www.r-assistance.go.jp/contentdetail_k.aspx?ContentID=139
352,"その他資金繰りの相談窓口","日本政策金融公庫 事業資金相談ダイヤル","福島県","東日本大震災の影響を受けた中小企業の皆さまへ、各種支援制度、資金相談窓口などが設けられています。",http://www.r-assistance.go.jp/contentdetail_k.aspx?ContentID=352
284,"主な損害項目における補償基準の概要 
【政府による避難等の指示等に係る損害について】
〈財物価値の喪失又は減少等〉","福島原子力補償相談室（コールセンター）","福島県","賠償基準：警戒区域の解除がされていないこと，被害を受けられた方々の財産状況の確認や想定が難しいことなどから，継続的に検討を行ったうえで，改めてご案内させていただきます。",http://www.r-assistance.go.jp/contentdetail_k.aspx?ContentID=284
429,"国等の義援金","宮古市生活課","岩手県宮古市","日本赤十字社、中央共同募金会及び岩手県災害義援金募集委員会から寄せられた義援金を次に該当する方々を対象に、交付しています。",http://www.r-assistance.go.jp/contentdetail_k.aspx?ContentID=429
460,"所得税について純損失を５年間繰越控除できます","お近くの税務署","青森県//岩手県//宮城県//福島県//茨城県","棚卸資産、事業用資産などが被災した方は、平成23年の純損失の金額のうち、以下のものの繰越期間を3年から5年に延長します。",http://www.r-assistance.go.jp/contentdetail_k.aspx?ContentID=460
346,"福島県奨学資金貸与制度","県教育庁学習指導課","福島県","経済的理由により修学困難と認められる方を対象に、奨学資金を貸与しています。",http://www.r-assistance.go.jp/contentdetail_k.aspx?ContentID=346
243,"農業の復旧・復興を支援します　被災された方々の農業分野での就業を支援します
＜新規就農相談＞","全国新規就農相談センター","岩手県//宮城県//福島県","全国新規就農相談センターでは、農業法人などの求人情報の紹介やマッチング、農業を始めたい方向けの就農相談などを実施しています。",http://www.r-assistance.go.jp/contentdetail_k.aspx?ContentID=243
319,"がんばろう福島！“絆”づくり応援事業について","福島県雇用労政課","福島県","仮設住宅等の運営体制を強化することにより、避難者同士や地域住宅などとの絆づくりを図るとともに、雇用を通じて避難者・失業者計2,000名への経済的支援を行うことを目的とした事業です。",http://www.r-assistance.go.jp/contentdetail_k.aspx?ContentID=319
155,"共同利用漁船等復旧支援対策事業（拡充）","水産庁","岩手県//宮城県//福島県","漁船や定置網等の漁具及び省エネ機器設備の導入費を補助します",http://www.r-assistance.go.jp/contentdetail_k.aspx?ContentID=155
455,"所得税（住民税）の住宅借入金等特別控除が引き続き利用できます
「所得税」","お近くの税務","青森県//岩手県//宮城県//福島県//茨城県","大震災により、住宅借入金等特別控除（いわゆる住宅ローン控除）を受けていた住宅に居住できなくなった場合、残りの適用期間について引き続き、住宅借入金等特別控除を利用することができます。",http://www.r-assistance.go.jp/contentdetail_k.aspx?ContentID=455
459,"所得税について事業用資産の損失額を平成22年分の必要経費に算入できます","お近くの税務署","青森県//岩手県//宮城県//福島県//茨城県","大震災で事業用資産が被災した場合、その損失額は通常は平成23年分の必要経費ですが、平成22年分の所得税の計算上、必要経費に算入できます。",http://www.r-assistance.go.jp/contentdetail_k.aspx?ContentID=459
182,"東日本大震災の発生等に伴う労働条件の見直しに関する相談・支援の推進","お近くの労働基準監督署、労働局","岩手県//宮城県//福島県","賃金不払や労災保険のお悩みをご相談ください。",http://www.r-assistance.go.jp/contentdetail_k.aspx?ContentID=182
327,"預金等","金融機関　など","福島県","○預金通帳や印鑑を紛失した場合でも、預金者であることを取引先金融機関で確認できれば、預金を引き出すことができます。",http://www.r-assistance.go.jp/contentdetail_k.aspx?ContentID=327
372,"がんばろう福島！“絆”づくり応援事業（仮設住宅内児童館の運営）","商工労働部雇用労政課","福島県","本事業は、当課が各自治体から支援要請を受け、委託先の就職支援会社を通して運営スタッフを雇用し、配置するものです。",http://www.r-assistance.go.jp/contentdetail_k.aspx?ContentID=372
317,"ふるさとふくしま巡回就職相談ステーションの相談活動開始について","福島県雇用労政課","福島県","東日本大震災や原発事故で避難されている求職者の生活再建を促進するため、８月から「ふるさとふくしま巡回就職相談ステーション」のジョブプランナーが、県内外の避難所、仮設住宅等を巡回して就職相談を実施して被災者等求職者の就職を支援しています。",http://www.r-assistance.go.jp/contentdetail_k.aspx?ContentID=317
365,"ペット（福島県動物救護本部）","福島県動物救護本部　県庁食品生活衛生課内（事務局）","福島県","県では、福島県動物救護本部を設置し、東日本大震災に伴い救護を必要としている動物の健康と安全の保持を支援しています。",http://www.r-assistance.go.jp/contentdetail_k.aspx?ContentID=365
382,"がんばろう福島！“絆”づくり応援事業（買い物や通学のための交通支援）","商工労働部雇用労政課","福島県","本事業は、当課が各自治体から支援要請を受け、委託先の就職支援会社を通して運営スタッフを雇用し、配置するものです。",http://www.r-assistance.go.jp/contentdetail_k.aspx?ContentID=382
25,"子どものこころのケアセンター","子どものこころのケアセンター等","岩手県","被災した子どもたちのこころの健康の回復を支援します。",http://www.r-assistance.go.jp/contentdetail_k.aspx?ContentID=25
428,"損壊家屋等の解体・撤去について","宮古市建設課","岩手県宮古市","宮古市では、東日本大震災で被災した損壊家屋等の解体・基礎を平成２４年３月末までに完了することを目標に実施しており、損壊家屋等の解体・撤去を希望する方の申し込みを受け付けています。",http://www.r-assistance.go.jp/contentdetail_k.aspx?ContentID=428
137,"法的トラブル等に関する情報提供","法テラス・サポートダイヤル","岩手県//宮城県//福島県","●全国の日本司法支援センター（法テラス）地方事務所や全国統一窓口である法テラス・サポートダイヤル（0570-078374）等において、利用者から面談、電話等によって問い合わせを受け付け、その内容に応じて、法的トラブルの解決に役立つ法制度と適切な窓口を無料で案内します。",http://www.r-assistance.go.jp/contentdetail_k.aspx?ContentID=137
452,"財形住宅（年金）貯蓄の払出しが非課税でできます
「所得税」","お近くの税務署","青森県//岩手県//宮城県//福島県//茨城県","大震災で被害を受けたことにより、平成24年3月10日までに財形住宅貯蓄や財形年金貯蓄を住宅の取得など以外の目的で払出しを受ける場合であっても、利子などに対する所得税や住民税が非課税になります。",http://www.r-assistance.go.jp/contentdetail_k.aspx?ContentID=452
387,"ナースバンク事業","福島県看護協会又は保健福祉部感染・看護室","福島県","福島県看護協会では、県からの委託を受け、就業を希望する看護職の方に対し、ナースバンク事業（無料職業紹介事業）を実施しています。今回、東日本大震災により被災した看護職の方の再就業を支援するため、相談員を２名増員して避難所等巡回相談を行っています。",http://www.r-assistance.go.jp/contentdetail_k.aspx?ContentID=387
359,"全国新規就農相談センター","全国新規就農相談センター","福島県","全国新規就農相談センターでは、被災された皆さまの希望にあわせた求人情報を提供しています。",http://www.r-assistance.go.jp/contentdetail_k.aspx?ContentID=359
441,"就学援助","宮古市教育委員会学校教育課","岩手県宮古市","次の費目について、定額または実費を支給",http://www.r-assistance.go.jp/contentdetail_k.aspx?ContentID=441
19,"応急仮設住宅保守管理センター","応急仮設住宅保守管理センター
※毎日２４時間対応で受付","岩手県","応急仮設住宅の不具合等に関するお問合せを受け付けています。",http://www.r-assistance.go.jp/contentdetail_k.aspx?ContentID=19
345,"教科書の無償配布","避難先の市町村教育委員会　など","福島県","被災して学用品を失った児童・生徒の皆さんに、教科書や教材などの学用品が支給されます。",http://www.r-assistance.go.jp/contentdetail_k.aspx?ContentID=345
273,"法人および個人事業主の方に関する主な損害項目における賠償基準の概要
【いわゆる風評被害について】
〈輸出に係る風評被害〉","福島原子力補償相談室（コールセンター）","岩手県//宮城県//福島県","賠償基準：輸出品にかかる減収分（逸失利益） ＋ 追加的費用",http://www.r-assistance.go.jp/contentdetail_k.aspx?ContentID=273
356,"漁業経営対策特別資金（東日本大震災漁業経営対策特別資金）","県庁水産課","福島県","今回の震災による津波及び原発事故の影響により、被害を受けている漁業者及び水産加工業者に対し、消失した漁具・設備などの購入や、経営維持に必要な資金等を融通いたします。",http://www.r-assistance.go.jp/contentdetail_k.aspx?ContentID=356
333,"特別障害者手当・障害児福祉手当・経過的福祉手当の所得制限の特例措置","県庁障がい福祉課","福島県","特別障害者手当・障害児福祉手当・経過的福祉手当の支給制限を受けている方（全部停止・一部支給）が、災害により住宅・家財等の財産について、その価格のおおむね２分の１以上の損害を受けた場合には、損害を受けた月から平成２４年７月までの手当について、所得による支給制限を適用せず全額支給する特例制度があります。",http://www.r-assistance.go.jp/contentdetail_k.aspx?ContentID=333
53,"高齢者の介護や保健・福祉サービスの利用に関する相談","市区町村福祉担当等","宮城県","寝たきりや認知症の高齢者の介護についての相談や，市町村で実施している保健・福祉の公的サービスについて知りたい場合は，市町村福祉担当窓口又は地域包括支援センターまでお問い合わせください。",http://www.r-assistance.go.jp/contentdetail_k.aspx?ContentID=53
302,"主な損害項目における補償基準の概要 
【いわゆる風評被害について】
〈輸出に係る風評被害〉","福島原子力補償相談室（コールセンター）","岩手県//宮城県//福島県","賠償基準：輸出先国の要求等による検査費用 ＋ 各種証明書発行費用等",http://www.r-assistance.go.jp/contentdetail_k.aspx?ContentID=302
462,"事業用資産を買換えた場合、譲渡した不動産への所得税・法人税の課税を繰り延べられます","お近くの税務署","青森県//岩手県//宮城県//福島県//茨城県","所得税、法人税について、以下の場合、譲渡した不動産の譲渡益に対する課税の繰り延べができます。",http://www.r-assistance.go.jp/contentdetail_k.aspx?ContentID=462
332,"障害者自立支援法（障がい者（児）に関する各種支援）","県庁障がい福祉課","福島県","○障害者自立支援法に基づく障がいのある方への福祉サービスや自立支援医療などが、震災以前と同様に受けられるよう、弾力的に運用されています。",http://www.r-assistance.go.jp/contentdetail_k.aspx?ContentID=332
348,"あしなが育英会奨学金","あしなが育英会","福島県","病気、災害、自殺など自動車事故以外で保護者を亡くしたり、重度後遺障がいで働けない家庭の子どもたちを対象とした無利子（卒業後に返済が必要）の奨学金制度です。",http://www.r-assistance.go.jp/contentdetail_k.aspx?ContentID=348
26,"ふれあい電話
いじめ相談電話
コスモスダイヤル相談
すこやかダイヤル電話相談
高校生の転学に関する相談","岩手県立総合教育センター等","岩手県","子どもに関する電話相談",http://www.r-assistance.go.jp/contentdetail_k.aspx?ContentID=26
65,"公立大学法人宮城大学の入学金・授業料減免","宮城大学事務部学務課","宮城県","震災の被害を受けた入学希望者が経済的理由により大学進学を断念することのないように，入学金及び授業料の減免を実施します。",http://www.r-assistance.go.jp/contentdetail_k.aspx?ContentID=65
55,"子どものことの相談","県各保健福祉事務所等","宮城県","児童（０歳から１８歳未満）の保健・福祉に関する諸問題について相談に応じています。",http://www.r-assistance.go.jp/contentdetail_k.aspx?ContentID=55
559,"山田町快適リフォーム支援事業","山田町役場建設課　建築住宅係　　","岩手県山田町","山田町内に居住する方で、住宅リフォームを行う場合、町が経費の一部を助成いたします。",http://www.r-assistance.go.jp/contentdetail_k.aspx?ContentID=559
421,"東日本大震災による「罹災(りさい)証明書」の発行について
東日本大震災による「罹災(りさい)証明書」の郵便請求について","宮古市税務課","岩手県宮古市","宮古市では、東日本大震災により建物が被災した方へ、罹災(りさい)証明書を交付しています。",http://www.r-assistance.go.jp/contentdetail_k.aspx?ContentID=421
160,"水産業の復旧・復興を支援します　経営再建の借入れを実質無利子化しました
＜漁協経営再建緊急支援事業＞","水産庁水産経営課","岩手県//宮城県//福島県","被災漁協などが経営再建のために借り入れる資金を実質無利子化しました。",http://www.r-assistance.go.jp/contentdetail_k.aspx?ContentID=160
446,"消費税課税事業者選択（不適用）届出書などの提出時期の特例があります","お近くの税務署","青森県//岩手県//宮城県//福島県//茨城県","申告などの期限が延長されている被災された事業者の方には、消費税の課税事業者を選択する（または、やめる）場合に提出が必要な「消費税課税事業者選択（不適用）届出書」の提出時期の特例があります。",http://www.r-assistance.go.jp/contentdetail_k.aspx?ContentID=446
239,"被災海域における種苗放流支援事業","水産振興課等","岩手県//宮城県//福島県","放流種苗を確保するために必要な経費や取組みについて補助しています。",http://www.r-assistance.go.jp/contentdetail_k.aspx?ContentID=239
353,"農業災害補償制度","県庁金融共済室","福島県","次の農業共済事業（農業災害補償制度に基づく事業）に加入する農業者が、災害等により受けた損失（農作物等の減収、家畜の死亡・疾病、園芸施設の損壊等）について、共済金が支給されます。",http://www.r-assistance.go.jp/contentdetail_k.aspx?ContentID=353
63,"高等学校等育英奨学資金貸付（東日本大震災被災者対象拡充）","","宮城県","公私立の高等学校・専修学校(高校教育課程を有する)・中等教育学校の後期課程・特別支援学校の高等部に在籍する生徒で，今回の東日本大震災に被災し修学困難となった多くの生徒が希望を持って修学できるよう被災生徒奨学資金を新たに設けました。",http://www.r-assistance.go.jp/contentdetail_k.aspx?ContentID=63
427,"し尿汲取料補助","宮古市環境課","岩手県宮古市","し尿汲取料について、助成する。",http://www.r-assistance.go.jp/contentdetail_k.aspx?ContentID=427
311,"予防接種について","福島県感染・看護室","福島県","震災のため、下記の予防接種を受けることが困難な方は、避難先の市町村においても、予防接種を受けることができますので、避難前にお住まい又は避難している市町村窓口にお問い合わせください。",http://www.r-assistance.go.jp/contentdetail_k.aspx?ContentID=311
433,"介護保険料減免","介護保険課管理審査担当","岩手県宮古市","全額免除
　・主たる生計維持者の死亡、行方不明、重篤な傷病
　・主たる生計維持者の事業廃止又は休止、失業で無収入
　・住宅の全壊

減少割合及び前年所得に応じた額を免除
　・主たる生計維持者の前年収入の10分の3以上の収入減少

半額免除
　・住宅の半壊（大規模半壊含む）",http://www.r-assistance.go.jp/contentdetail_k.aspx?ContentID=433
370,"仮設住宅等に住む未就学児を対象とした保育事業","保健福祉部子育て支援課","福島県","避難元である浜通り地区市町村が職員を配置のうえ、仮設住宅区域内の集会施設若しくは近隣の賃貸物件を利用し、仮設住宅等に避難している未就学児を対象とした臨時の保育活動(保育所で行う保育は対象外)を行う場合、開始にあたり初期整備として必要な物品等の購入費用について補助します。",http://www.r-assistance.go.jp/contentdetail_k.aspx?ContentID=370
367,"保健師、看護師、管理栄養士、歯科衛生士等による避難所・仮設住宅等における健康支援活動","","福島県","仮設住宅等で生活する被災者に対し、仮設住宅設置主体となる被災市 町村との打合せに基づき、県外応援保健師、県保健福祉事務所及び緊急雇用で確保した保健師、看護師、管理栄養士、歯科衛生士等が仮設住宅を訪問・巡回等し、健康相談や感染症・熱中症等予防の保健指導や健康教育、慢性疾患の治療継続等の健康管理支援を実施します。",http://www.r-assistance.go.jp/contentdetail_k.aspx?ContentID=367
432,"保育料等の免除","宮古市福祉課子育て支援室","岩手県宮古市","平成２３年度の保育料及び使用料（へき地保育所、児童館、学童の家）の免除",http://www.r-assistance.go.jp/contentdetail_k.aspx?ContentID=432
439,"原木しいたけ生産復旧事業費補助金","宮古市林業課林政担当","岩手県宮古市","震災により被災したしいたけ生産施設の復旧事業に対する補助。",http://www.r-assistance.go.jp/contentdetail_k.aspx?ContentID=439
437,"宮古市被災中小企業対策資金利子等補助金交付事業","宮古市産業振興部商業観光課","岩手県宮古市","この事業は、東日本大震災で被災した中小企業者が災害復旧のため借入れた下記の資金について、当該資金に係る利子及び保証料を補助することにより、中小企業者の負担の軽減及び経営の安定を図り、市内経済の早期の回復を図ることを目的として実施する事業です。",http://www.r-assistance.go.jp/contentdetail_k.aspx?ContentID=437
368,"施設入所を希望する要介護高齢者と入所施設のマッチング","保健福祉部高齢福祉課","福島県","施設入所を希望する要介護高齢者への支援として、市町村の要請に基づき、入所希望者と入所施設のマッチングを行います。",http://www.r-assistance.go.jp/contentdetail_k.aspx?ContentID=368
271,"法人および個人事業主の方に関する主な損害項目における賠償基準の概要
【いわゆる風評被害について】
〈製造業の風評被害〉","福島原子力補償相談室（コールセンター）","福島県","賠償基準：風評被害による減収分（逸失利益）＋追加的費用",http://www.r-assistance.go.jp/contentdetail_k.aspx?ContentID=271
24,"こころの健康相談（災害時ストレス健康相談受付窓口）","岩手県精神保健福祉センター","岩手県","震災によるストレスによる健康相談窓口です",http://www.r-assistance.go.jp/contentdetail_k.aspx?ContentID=24
442,"下水道受益者負担金猶予","宮古市上下水道部経営課","岩手県宮古市","下水道の受益者負担金の猶予",http://www.r-assistance.go.jp/contentdetail_k.aspx?ContentID=442
301,"主な損害項目における補償基準の概要 
【いわゆる風評被害について】
〈製造業，サービス業等の風評被害〉","福島原子力補償相談室（コールセンター）","福島県","賠償基準：東京電力事故による買い控え等に伴う減収分＋追加的費用",http://www.r-assistance.go.jp/contentdetail_k.aspx?ContentID=301
434,"介護サービス利用に係る利用者負担金の免除について","宮古市保健福祉部介護保険課","岩手県宮古市","宮古市では、東日本大震災において、被災された介護保険の第１号被保険者の保険料と介護サービスを利用された被保険者の利用者負担金について、以下のとおり減免を行うことといたしました。",http://www.r-assistance.go.jp/contentdetail_k.aspx?ContentID=434
30,"岩手県精神科救急情報センター","岩手県精神科救急情報センター","岩手県","緊急時の精神科受診の御相談を受け付けています",http://www.r-assistance.go.jp/contentdetail_k.aspx?ContentID=30
423,"平成23年度国民健康保険税減免","宮古市税務課市民税担当","岩手県宮古市","全額免除
　・主たる生計維持者の死亡、行方不明、重篤な傷病（失業軽減対象者を除く）
　・住宅の全壊

減少割合及び前年所得に応じた額を免除
　・震災により、主たる生計維持者の平成22年中の前年収入の10分の3以上の収入減少
　・主たる生計維持者の事業廃止、失業で無収入

半額免除
　・住宅の半壊（大規模半壊含む）",http://www.r-assistance.go.jp/contentdetail_k.aspx?ContentID=423
61,"教育相談（スクールカウンセラー等）","宮城県教育庁義務教育課","宮城県","震災により被災し，心のケアが必要な児童生徒，お子さんの事でお悩みの保護者の方は，教育相談を受けることができます。",http://www.r-assistance.go.jp/contentdetail_k.aspx?ContentID=61
164,"森林・林業・木材産業の復旧を支援しています　森林・林業施設の復旧のための借入れを実質無利子化・無担保・無保証人にしました
＜災害復旧関係資金利子助成事業＞","全国木材協同組合連合会","岩手県//宮城県//福島県","林業者・木材産業者が、被害を受けた森林・林道・林業施設などの復旧に必要な資金や運転資金について、日本政策金融公庫から、実質無利子・無担保・無保証人で借りることができます。",http://www.r-assistance.go.jp/contentdetail_k.aspx?ContentID=164
165,"森林・林業・木材産業の復旧を支援しています　森林組合の経営再建のための借入れを、実質無利子化します
＜森林組合経営再建緊急支援事業＞","全国森林組合連合会","岩手県//宮城県//福島県","被災森林組合が、民間金融機関から経営再建などのために借り入れる資金について、最大２％まで利子助成し実質無利子化します。",http://www.r-assistance.go.jp/contentdetail_k.aspx?ContentID=165
44,"歯や口腔の相談（歯科口腔保健支援事業）","お住まいの市町村等","宮城県","応急仮設住宅（民間賃貸住宅借り上げを含む）に入居されている方を対象に，歯と口腔の健康状態の改善を進めるため，歯科医師，歯科衛生士による保健指導や相談を無料で行っています",http://www.r-assistance.go.jp/contentdetail_k.aspx?ContentID=44
267,"法人および個人事業主の方に関する主な損害項目における賠償基準の概要
【いわゆる風評被害について】
〈農業の風評被害〉","福島原子力補償相談室（コールセンター）","福島県//茨城県//栃木県//群馬県//埼玉県//千葉県","賠償基準：風評被害による損害（逸失利益） ＋ 追加的費用",http://www.r-assistance.go.jp/contentdetail_k.aspx?ContentID=267
60,"視聴覚障害者に対する支援","宮城県視覚障害者福祉協会等","宮城県","視覚障害者向け
@県政情報の提供、A点字図書，録音図書の貸出

聴覚障害者向け
@手話通訳・要約筆記者等の派遣、A情報支援・相談対応",http://www.r-assistance.go.jp/contentdetail_k.aspx?ContentID=60
64,"高等学校定時制課程･通信制課程修学資金貸付","","宮城県","高等学校の定時制課程や通信制課程に在学する勤労青少年の方々へ修学資金を貸し付けることにより，高等学校の定時制課程及び通信制課程の修学を促進し，教育の機会均等に資することを目的とした貸し付けです。",http://www.r-assistance.go.jp/contentdetail_k.aspx?ContentID=64
52,"高齢者に関する心配ごと等の相談","宮城県長寿社会政策課","宮城県","高齢者の心配ごと・悩みごとや健康・生きがいづくりなどの，無料相談窓口が開設されています。",http://www.r-assistance.go.jp/contentdetail_k.aspx?ContentID=52
379,"仮設診療所・仮設歯科診療所の整備","保健福祉部地域医療課","福島県","被災者への診療を確保するため、仮設住宅群に隣接する形で仮設診療所及び仮設歯科診療所の整備を行っています。",http://www.r-assistance.go.jp/contentdetail_k.aspx?ContentID=379
40,"医療相談窓口","医療なんでも相談窓口","宮城県","県内の医療機関等に関する相談は，電話・来庁等によりどなたでも相談できます。",http://www.r-assistance.go.jp/contentdetail_k.aspx?ContentID=40
28,"女性健康支援センター","保健所","岩手県","各保健所内に設置した女性健康支援センターでは、　妊娠、出産、更年期など、女性特有の身体的、精神的な悩みを有する方の相談に応じています。",http://www.r-assistance.go.jp/contentdetail_k.aspx?ContentID=28
436,"宮古市中小企業振興資金の償還途中での据置期間の設定","宮古市商業観光課商業担当","岩手県宮古市","償還途中で最長12月の据置期間を申し出により設定できる。",http://www.r-assistance.go.jp/contentdetail_k.aspx?ContentID=436
422,"平成23年度市県民税減免","宮古市税務課市民税担当","岩手県宮古市","全額免除
　・死亡、行方不明、重篤な傷病
　・住宅の全壊

減少割合及び前年所得に応じた額を免除
　・震災により、平成22年中の収入の10分の3以上の収入減少
　・事業廃止、失業で無収入

半額免除
　・住宅の半壊（大規模半壊含む）",http://www.r-assistance.go.jp/contentdetail_k.aspx?ContentID=422
45,"栄養や食生活の相談（食生活支援事業）","お住まいの市町村等","宮城県","応急仮設住宅（民間賃貸住宅借り上げを含む）に入居されている方を対象に，栄養バランスのとれた食生活を進めるため，管理栄養士などによる相談を無料で行っています。",http://www.r-assistance.go.jp/contentdetail_k.aspx?ContentID=45
275,"法人および個人事業主の方に関する主な損害項目における賠償基準の概要
【いわゆる間接被害について】
〈就労不能等に伴う損害〉","福島原子力補償相談室（コールセンター）","福島県","賠償基準：原則として対象事業者さまに対する営業損害としてお支払いさせていただきます。",http://www.r-assistance.go.jp/contentdetail_k.aspx?ContentID=275
366,"法的トラブル等に関する相談窓口","福島県弁護士会 東日本大震災無料電話相談 など","福島県","法的トラブル等に関する相談窓口が設置されています。",http://www.r-assistance.go.jp/contentdetail_k.aspx?ContentID=366
426,"消毒剤等の配布","宮古市環境課","岩手県宮古市","逆性せっけん、消石灰、土のう袋を無料で配布する。",http://www.r-assistance.go.jp/contentdetail_k.aspx?ContentID=426
321,"「福島県青少年総合相談センター」開所のお知らせ","福島県青少年育成室","福島県","震災の影響による不安や悩みを抱える青少年の相談に応じます。",http://www.r-assistance.go.jp/contentdetail_k.aspx?ContentID=321
29,"シルバー110番","岩手県高齢者総合相談支援センター（?岩手県長寿社会振興財団）","岩手県","高齢者やその家族が抱える高齢者福祉、介護保険、医療などの心配ごと、悩みごとなどに対する総合的な相談窓口です。",http://www.r-assistance.go.jp/contentdetail_k.aspx?ContentID=29
299,"主な損害項目における補償基準の概要 
【いわゆる風評被害について】
〈農林水産物の加工業・食品製造業・流通業の風評被害〉","福島原子力補償相談室（コールセンター）","福島県","賠償基準：東京電力事故による買い控え等に伴う減収分＋追加的費用",http://www.r-assistance.go.jp/contentdetail_k.aspx?ContentID=299
285,"主な損害項目における補償基準の概要 
【政府による避難等の指示等に係る損害について】
〈営業損害（法人・個人事業主（林業者を含む）） 〉","福島原子力補償相談室（コールセンター）","福島県","賠償基準：避難指示等に伴う減収分 ＋ 追加的費用",http://www.r-assistance.go.jp/contentdetail_k.aspx?ContentID=285
371,"保健師等修学資金（特別貸与）","保健福祉部感染・看護室","福島県","県では卒業後、保健師、助産師、看護師及び准看護師の確保が困難な医療施設等で保健師等の業務に従事しようとする学生に在学期間、修学資金を貸与しています",http://www.r-assistance.go.jp/contentdetail_k.aspx?ContentID=371
378,"女性警察官等の訪問活動による心の支援","仮設住宅所在地を管轄する警察署または福島県警察本部生活安全企画課","福島県","主に仮設住宅での生活に不安を抱える女性を対象とした、各種相談・要望の受理等を行っています。",http://www.r-assistance.go.jp/contentdetail_k.aspx?ContentID=378
435,"検診料金の免除","宮古市健康課","岩手県宮古市","がん検診等の料金を免除",http://www.r-assistance.go.jp/contentdetail_k.aspx?ContentID=435
58,"母子（父子）家庭が医療費の助成を受けるには","市（区）町村担当課","宮城県","保険証を使って病院，診療所で診察を受けた場合等に窓口で支払う自己負担額から１レセプトあたり1,000円(入院の場合は2,000円)を控除した額が助成されます。",http://www.r-assistance.go.jp/contentdetail_k.aspx?ContentID=58
265,"法人および個人事業主の方に関する主な損害項目における賠償基準の概要
【その他の政府指示等に係る損害について】
〈就労不能等に伴う損害〉","福島原子力補償相談室（コールセンター）","福島県","賠償基準：原則として対象事業者さまに対する営業損害としてお支払いさせていただきます。",http://www.r-assistance.go.jp/contentdetail_k.aspx?ContentID=265
261,"法人および個人事業主の方に関する主な損害項目における賠償基準の概要
【政府等による農林水産物等の出荷制限指示等に係る損害について】
〈営業損害（加工・流通業）〉","福島原子力補償相談室（コールセンター）","福島県","賠償基準：出荷制限指示等に伴う減収分（逸失利益）＋追加的費用",http://www.r-assistance.go.jp/contentdetail_k.aspx?ContentID=261
54,"発育・発達に関する不安や悩みごとの相談","県各保健所及び同支所","宮城県","発育や発達に関する相談や悩み事について，専門の医師や作業療法士・理学療法士，保健師等が，相談に応じます。",http://www.r-assistance.go.jp/contentdetail_k.aspx?ContentID=54
431,"障害福祉サービス等の自己負担の免除","宮古市福祉課地域福祉担当","岩手県宮古市","全額免除",http://www.r-assistance.go.jp/contentdetail_k.aspx?ContentID=431
41,"難病患者や家族が日常生活の相談をしたいとき","宮城県難病相談支援センター等","宮城県","電話や面接などによる相談、訪問相談",http://www.r-assistance.go.jp/contentdetail_k.aspx?ContentID=41
50,"アルコール問題等の相談","県各保健所等","宮城県","社会生活環境の複雑多様化等に伴い深刻化しているアルコールや薬物の問題，ギャンブル依存等の問題を抱える本人や家族等を対象に，電話や来所による相談（所内相談），日時，場所を定めて行う巡回相談等を保健所や精神保健福祉センターで実施しています。
断酒会やＡＡ，アラノン等当事者，家族会の紹介も行っています。",http://www.r-assistance.go.jp/contentdetail_k.aspx?ContentID=50
292,"主な損害項目における補償基準の概要 
【政府等による農林水産物等の出荷制限指示等に係る損害について】
〈営業損害（加工・流通業）〉","福島原子力補償相談室（コールセンター）","福島県","賠償基準：出荷制限指示等に伴う減収分 ＋ 追加的費用",http://www.r-assistance.go.jp/contentdetail_k.aspx?ContentID=292
293,"主な損害項目における補償基準の概要 
【政府等による農林水産物等の出荷制限指示等に係る損害について】
〈就労不能等に伴う損害〉","福島原子力補償相談室（コールセンター）","福島県","賠償基準：出荷制限指示等に伴う営業損害についての実態を踏まえたうえで，改めてご案内させていただきます。",http://www.r-assistance.go.jp/contentdetail_k.aspx?ContentID=293
377,"心のケア事業","精神保健福祉センター等","福島県","１ 精神保健センターの保健師等が仮設住宅の集会所において、各種教室を開催します。
２ 各保険福祉事務所の保健師等が、仮設住宅を個別に訪問し、相談・指導を行います。",http://www.r-assistance.go.jp/contentdetail_k.aspx?ContentID=377
253,"法人および個人事業主の方に関する主な損害項目における賠償基準の概要
【政府による避難等の指示等に係る損害について】
〈営業損害（法人・個人事業主さま（林業者を含む））〉","福島原子力補償相談室（コールセンター）","福島県","賠償基準：避難指示等に伴う減収分（逸失利益）＋追加的費用",http://www.r-assistance.go.jp/contentdetail_k.aspx?ContentID=253
34,"火葬等費用の還付","各市町村福祉担当課等","宮城県","震災で亡くなられた方の火葬などにかかった費用の一部について，災害救助法の規定により還付を受けることができます。",http://www.r-assistance.go.jp/contentdetail_k.aspx?ContentID=34
66,"震災関連消費生活相談","宮城県消費生活・文化課","宮城県","契約トラブルや商品,サービスに関する相談を受け付けております。",http://www.r-assistance.go.jp/contentdetail_k.aspx?ContentID=66
374,"青少年総合相談センター事業（研修会等事業）","福島県青少年育成県民会議等","福島県","震災によるストレス等を抱える青少年及び困難を有する青少年のサポート体制づくり及びストレス対処法等のスキルアップを図るため、研修会及び講習会を開催します。",http://www.r-assistance.go.jp/contentdetail_k.aspx?ContentID=374
47,"リハビリテーション相談とは","お住まいの市町村等","宮城県","理学療法士・作業療法士・言語聴覚士が自宅等に伺い，リハビリテーションに関する相談に無料で応じています。",http://www.r-assistance.go.jp/contentdetail_k.aspx?ContentID=47
336,"児童福祉施設の入所費負担金等徴収額の特例認定","県庁児童家庭課","福島県","被災により負担が困難と認められると、現在の負担金額を変更する特例認定が受けられます。",http://www.r-assistance.go.jp/contentdetail_k.aspx?ContentID=336
338,"外国出身県民の方やまわりの皆さまへ","財団法人福島県国際交流協会","福島県","外国出身県民の方を対象に、日常生活に必要な情報、災害情報などの提供や生活相談などを多言語により行っています。
Free English Information Service for Non-Japanese Residents of Fukushima
多??言(中国?等)免?生活咨?会的通知",http://www.r-assistance.go.jp/contentdetail_k.aspx?ContentID=338
57,"女性の悩み事を相談するには","宮城県女性相談センター等","宮城県","「女性相談センター」では，女性の抱えている悩みごとや困りごと（例：夫や恋人等の暴力で困っている，家庭内の問題で悩んでいるなど）の相談に応じ，解決に向けて助言・指導を行っています。",http://www.r-assistance.go.jp/contentdetail_k.aspx?ContentID=57
268,"法人および個人事業主の方に関する主な損害項目における賠償基準の概要
【いわゆる風評被害について】
〈農林水産物の加工業・食品製造業・流通業の風評被害〉","福島原子力補償相談室（コールセンター）","福島県","賠償基準：風評被害による減収分（逸失利益）＋追加的費用",http://www.r-assistance.go.jp/contentdetail_k.aspx?ContentID=268
264,"法人および個人事業主の方に関する主な損害項目における賠償基準の概要
【その他の政府指示等に係る損害について】
〈営業損害〉","福島原子力補償相談室（コールセンター）","福島県","賠償基準：政府が東京電力事故に関し行う指示等に伴う減収分（逸失利益） ＋ 追加的費用",http://www.r-assistance.go.jp/contentdetail_k.aspx?ContentID=264
276,"法人および個人事業主の方に関する主な損害項目における賠償基準の概要
【放射線被曝による損害について】
〈放射線被曝による損害〉","福島原子力補償相談室（コールセンター）","福島県","賠償基準：ご請求があった場合，個別に対応について協議させていただきます。",http://www.r-assistance.go.jp/contentdetail_k.aspx?ContentID=276
425,"窓口諸証明の手数料免除","宮古市総合窓口課、税務課","岩手県宮古市","・戸籍、住民票等の交付手数料
・税の証明手数料",http://www.r-assistance.go.jp/contentdetail_k.aspx?ContentID=425
310,"肝炎・結核に関する相談窓口について","福島県感染・看護室","福島県","保健福祉事務所（保健所）では、肝炎のウイルス検査や医療費助成制度、結核の検診や治療の継続などについて相談を受け付けています。",http://www.r-assistance.go.jp/contentdetail_k.aspx?ContentID=310
363,"行方不明者","福島県警察本部","福島県","福島県警察本部では県内の行方不明者に関する届出や相談を受け付けています。",http://www.r-assistance.go.jp/contentdetail_k.aspx?ContentID=363
46,"運動指導等を受けるには(リハビリテーション支援事業)","お住まいの市町村等","宮城県","応急仮設住宅等に入居されている方を対象に，生活不活発病や障害等を予防するため，理学療法士や作業療法士などによる集団での運動指導や相談を無料で行っています。",http://www.r-assistance.go.jp/contentdetail_k.aspx?ContentID=46
289,"主な損害項目における補償基準の概要 
【政府による航行危険区域等及び飛行禁止区域の設定に係る損害について】
〈就労不能等に伴う損害〉","福島原子力補償相談室（コールセンター）","福島県","賠償基準：航行危険区域等及び飛行禁止区域の設定に伴う営業損害についての実態を踏まえたうえで，改めてご案内させていただきます。",http://www.r-assistance.go.jp/contentdetail_k.aspx?ContentID=289
36,"夜間の子どもの医療相談","プッシュ回線の固定電話・携帯電話用","宮城県","夜間に，子どもの急な発熱やケガなどで，応急処置などの対応方法をお知りになりたい場合は，看護師による電話相談を行っています。",http://www.r-assistance.go.jp/contentdetail_k.aspx?ContentID=36
42,"女性医師による女性の健康相談を受けるには","予約専用電話","宮城県","県は県女医会と仙台市と協働で，女性の健康相談事業を進めています。",http://www.r-assistance.go.jp/contentdetail_k.aspx?ContentID=42
48,"心の相談","県精神保健福祉センター等","宮城県","社会生活環境の複雑多様化等に伴うストレス，心の悩み，精神疾患等の心の健康相談を保健所や精神保健福祉センターで実施しています。",http://www.r-assistance.go.jp/contentdetail_k.aspx?ContentID=48
272,"法人および個人事業主の方に関する主な損害項目における賠償基準の概要
【いわゆる風評被害について】
〈サービス業等の風評被害〉","福島原子力補償相談室（コールセンター）","福島県","賠償基準：風評被害による減収分（逸失利益）＋追加的費用",http://www.r-assistance.go.jp/contentdetail_k.aspx?ContentID=272
463,"被災した酒造業者が製造する酒類の酒税を軽減します","お近くの税務署","青森県//岩手県//宮城県//福島県//茨城県","大震災により製造場に甚大な被害を受けた清酒などの製造者については、前年度の課税移出数量が1,300キロリットル以下の場合、その年度に移出する清酒などのうち、200キロリットルまでの分に係る酒税の税額を以下のとおり軽減します。",http://www.r-assistance.go.jp/contentdetail_k.aspx?ContentID=463
375,"心のケア事業（被災妊産婦支援事業）","保健福祉部児童家庭課","福島県","被災した妊産婦等に対して、助産師が訪問し、きめ細かな心身のケアを行います。",http://www.r-assistance.go.jp/contentdetail_k.aspx?ContentID=375
258,"法人および個人事業主の方に関する主な損害項目における賠償基準の概要
【政府による航行危険区域等及び飛行禁止区域の設定に係る損害について】
〈就労不能等に伴う損害〉","福島原子力補償相談室（コールセンター）","福島県","賠償基準：原則として対象事業者さまに対する営業損害としてお支払いさせていただきます。",http://www.r-assistance.go.jp/contentdetail_k.aspx?ContentID=258
259,"法人および個人事業主の方に関する主な損害項目における賠償基準の概要
【政府等による農林水産物等の出荷制限指示等に係る損害について】
〈営業損害（農業）〉","福島原子力補償相談室（コールセンター）","福島県","賠償基準：出荷制限指示等に伴う減収分（逸失利益） ＋ 追加的費用",http://www.r-assistance.go.jp/contentdetail_k.aspx?ContentID=259
262,"法人および個人事業主の方に関する主な損害項目における賠償基準の概要
【政府等による農林水産物等の出荷制限指示等に係る損害について】
〈就労不能等に伴う損害〉","福島原子力補償相談室（コールセンター）","福島県","賠償基準：原則として対象事業者さまに対する営業損害としてお支払いさせていただきます。",http://www.r-assistance.go.jp/contentdetail_k.aspx?ContentID=262
337,"目や耳の不自由な方、発達障がいのある方や、ご家族やまわりの皆さまへ","福島県点字図書館　など","福島県","目や耳の不自由な方、発達障がいのある方や、ご家族やまわりの皆さまへ、相談窓口が開設されています。",http://www.r-assistance.go.jp/contentdetail_k.aspx?ContentID=337
43,"がん患者・家族の方が相談したいとき","宮城県がん総合支援センター","宮城県","専門の相談員を配置し，がん患者・家族の方の在宅療養等に関する相談を無料でお受けしています。",http://www.r-assistance.go.jp/contentdetail_k.aspx?ContentID=43
306,"主な損害項目における補償基準の概要 
【その他】
〈地方公共団体等の財産的損害等〉","福島原子力補償相談室（コールセンター）","福島県","賠償基準：避難等対象区域の解除日程が確定していないこと，除染方法が明らかになっていないこと等から，東京電力事故の収束状況等を踏まえつつ，継続的に検討を行ったうえで，改めてご案内させていただきます。",http://www.r-assistance.go.jp/contentdetail_k.aspx?ContentID=306
295,"主な損害項目における補償基準の概要 
【その他の政府指示等に係る損害について】
〈営業損害〉","福島原子力補償相談室（コールセンター）","福島県","賠償基準：当該指示等に伴う減収分 ＋ 追加的費用",http://www.r-assistance.go.jp/contentdetail_k.aspx?ContentID=295
288,"主な損害項目における補償基準の概要 
【政府による航行危険区域等及び飛行禁止区域の設定に係る損害について】
〈営業損害〉","福島原子力補償相談室（コールセンター）","福島県","賠償基準：当該区域内での操業又は航行を断念したことによる減収分 ＋ 追加的費用",http://www.r-assistance.go.jp/contentdetail_k.aspx?ContentID=288
287,"主な損害項目における補償基準の概要 
【政府による避難等の指示等に係る損害について】
〈営業損害（漁業）〉","福島原子力補償相談室（コールセンター）","福島県","賠償基準：避難指示等に伴う減収分 ＋ 追加的費用",http://www.r-assistance.go.jp/contentdetail_k.aspx?ContentID=287
286,"主な損害項目における補償基準の概要 
【政府による避難等の指示等に係る損害について】
〈営業損害（農業）〉","福島原子力補償相談室（コールセンター）","福島県","賠償基準：避難指示等に伴う減収分 ＋ 追加的費用",http://www.r-assistance.go.jp/contentdetail_k.aspx?ContentID=286
290,"主な損害項目における補償基準の概要 
【政府等による農林水産物等の出荷制限指示等に係る損害について】
〈営業損害（農林業）〉","福島原子力補償相談室（コールセンター）","福島県","賠償基準：出荷制限指示等に伴う減収分 ＋ 追加的費用",http://www.r-assistance.go.jp/contentdetail_k.aspx?ContentID=290
294,"主な損害項目における補償基準の概要 
【政府等による農林水産物等の出荷制限指示等に係る損害について】
〈検査費用（物）〉","福島原子力補償相談室（コールセンター）","福島県","賠償基準：出荷制限指示等に基づく検査費用",http://www.r-assistance.go.jp/contentdetail_k.aspx?ContentID=294
257,"法人および個人事業主の方に関する主な損害項目における賠償基準の概要
【政府による航行危険区域等及び飛行禁止区域の設定に係る損害について】
〈営業損害〉","福島原子力補償相談室（コールセンター）","福島県","賠償基準：航行危険区域等の設定に伴う減収分（逸失利益）＋追加的費用",http://www.r-assistance.go.jp/contentdetail_k.aspx?ContentID=257
254,"法人および個人事業主の方に関する主な損害項目における賠償基準の概要
【政府による避難等の指示等に係る損害について】
〈営業損害（農業）〉","福島原子力補償相談室（コールセンター）","福島県","賠償基準：避難指示等に伴う減収分（逸失利益）＋追加的費用",http://www.r-assistance.go.jp/contentdetail_k.aspx?ContentID=254
263,"法人および個人事業主の方に関する主な損害項目における賠償基準の概要
【政府等による農林水産物等の出荷制限指示等に係る損害について】
〈検査費用（物）〉","福島原子力補償相談室（コールセンター）","福島県","賠償基準：出荷制限指示等に基づく検査費用",http://www.r-assistance.go.jp/contentdetail_k.aspx?ContentID=263
424,"法人市民税（均等割）減免","宮古市税務課市民税担当","岩手県宮古市","全額免除
　・事務所等の全壊、大規模半壊、半壊

半額免除
　・事務所等の一部損壊",http://www.r-assistance.go.jp/contentdetail_k.aspx?ContentID=424
38,"薬について知りたい","くすりの相談室　","宮城県","薬に関する様々な相談に専任の薬事相談員（薬剤師）が無料で応じています。",http://www.r-assistance.go.jp/contentdetail_k.aspx?ContentID=38
39,"薬局を探したい","宮城県保健所等","宮城県","宮城県が運営している宮城県薬局検索システム（ミヤギ薬局けんさく）を利用することにより，県内の薬局について，営業日・時間，サービス内容等を検索することができます。",http://www.r-assistance.go.jp/contentdetail_k.aspx?ContentID=39
51,"薬物乱用に関する相談","県各保健所等","宮城県","薬物依存に関する相談",http://www.r-assistance.go.jp/contentdetail_k.aspx?ContentID=51
296,"主な損害項目における補償基準の概要 
【その他の政府指示等に係る損害について】
〈就労不能等に伴う損害〉","福島原子力補償相談室（コールセンター）","福島県","賠償基準：政府が東京電力事故に関し行う指示等に伴う営業損害についての実態を踏まえたうえで，改めてご案内させていただきます。",http://www.r-assistance.go.jp/contentdetail_k.aspx?ContentID=296
551,"各種手続き
罹災(りさい)証明書と被災(ひさい)証明書を発行します","市市民課生活安全係","岩手県釜石市","罹災(りさい)証明書と被災(ひさい)証明書の発行をしています。",http://www.r-assistance.go.jp/contentdetail_k.aspx?ContentID=551
277,"法人および個人事業主の方に関する主な損害項目における賠償基準の概要
【その他】
〈地方公共団体等の財産的損害等〉","福島原子力補償相談室（コールセンター）","福島県","賠償基準： 「避難等対象区域」の解除日程が確定していないこと，除染方法が明らかになっていないこと等から，「本件事故」の収束状況等を踏まえつつ，継続的に検討を行ったうえで，改めてご案内させていただきます。",http://www.r-assistance.go.jp/contentdetail_k.aspx?ContentID=277
266,"法人および個人事業主の方に関する主な損害項目における賠償基準の概要
【その他の政府指示等に係る損害について】
〈検査費用（物）〉","福島原子力補償相談室（コールセンター）","福島県","賠償基準：政府が東京電力事故に関し行う指示等に基づく検査費用",http://www.r-assistance.go.jp/contentdetail_k.aspx?ContentID=266
255,"法人および個人事業主の方に関する主な損害項目における賠償基準の概要
【政府による避難等の指示等に係る損害について】
〈営業損害（漁業）〉","福島原子力補償相談室（コールセンター）","福島県","賠償基準：避難指示等に伴う減収分（逸失利益）＋追加的費用",http://www.r-assistance.go.jp/contentdetail_k.aspx?ContentID=255
260,"法人および個人事業主の方に関する主な損害項目における賠償基準の概要
【政府等による農林水産物等の出荷制限指示等に係る損害について】
〈営業損害（漁業）〉","福島原子力補償相談室（コールセンター）","福島県","賠償基準：操業自粛要請等に伴う減収分（逸失利益） ＋ 追加的費用",http://www.r-assistance.go.jp/contentdetail_k.aspx?ContentID=260
291,"主な損害項目における補償基準の概要 
【政府等による農林水産物等の出荷制限指示等に係る損害について】
〈営業損害（漁業）〉","福島原子力補償相談室（コールセンター）","福島県","賠償基準：操業自粛要請等に伴う減収分 ＋ 追加的費用",http://www.r-assistance.go.jp/contentdetail_k.aspx?ContentID=291
494,"り災証明書の発行","東松島市震災復旧対策室","宮城県東松島市","り災証明とは､住家の被害状況を証明するものです(物置･倉庫･車庫などは被災証明書)｡
市が被災家屋調査を行い､その確認した事実に基づき発行する証明書です。",http://www.r-assistance.go.jp/contentdetail_k.aspx?ContentID=494
495,"被災証明証の発行","東松島市震災復旧対策室","宮城県東松島市","被災証明書とは､災害の事実を証明する書類のことです｡

住家以外の全ての被害を証明するもので､被災した場合の休業証明など
各種制度の手続きに必要な証明書です｡",http://www.r-assistance.go.jp/contentdetail_k.aspx?ContentID=495
103,"生活保護","都道府県、市町村","岩手県//宮城県//福島県","●生活に現に困窮している方に、生活の保障と自立の助長を図ることを目的に、困窮の程度に応じて必要な保護を行うものです。",http://www.r-assistance.go.jp/contentdetail_k.aspx?ContentID=103
